order_id,order_date,customer_id,product_category,product_id,quantity,unit_price,discount_pct,shipping_cost,order_status,country,city
1,2023-03-23,1052,beauty,BEA1402,2,82.3,0.1,0,Shipped,CAN,Ottawa
2,2023-01-15,1093,fashion ,FAS1631,8,121.11,0.1,10,COMPLETE,CAN,Calgary
3,2023-01-04,1015,Home & Kitchen,HOM1757,8,481.86,0.0,10,completed,USA,Los Angeles
4,2023-02-05,1072,fashion ,FAS1862,1,131.38,0.0,10,Completed,GBR,Manchester
5,2023-02-01,1061,beauty,BEA1306,3,332.51,0.0,10,shipped,CAN,Ottawa
6,2023-01-29,1021,Books,BOO1607,10,489.42,0.1,5,pending,CAN,Calgary
7,2023-01-18,1083,beauty,BEA1344,9,190.28,0.15,5,pending,CAN,Calgary
8,2023-01-14,1087,fashion ,FAS1519,5,13.67,0.1,20,Shipped,CAN,Calgary
9,2023-03-28,1075,fashion ,FAS1848,6,125.85,0.1,0,Cancelled,GBR,Leeds
10,2023-03-11,1075,Home & Kitchen,HOM1521,4,416.28,0.0,10,Cancelled,USA,New York
11,2023-01-12,1088,electronics,ELE1545,10,432.98,0.05,5,Pending,CAN,Ottawa
12,2023-03-17,1100,Books,BOO1501,2,385.42,0.0,0,Pending,AUS,Adelaide
13,2023-02-24,1024,AUTOMOTIVE,AUT1725,8,60.99,0.05,0,Pending,GBR,London
14,2023-01-05,1003,beauty,BEA1576,6,398.78,0.15,5,pending,USA,Los Angeles
15,2023-01-04,1022,electronics,ELE1306,5,459.75,0.15,10,Completed,AUS,Adelaide
16,2023-01-12,1053,Home & Kitchen,HOM1486,9,302.3,,20,completed,AUS,Brisbane
17,2023-01-28,1002,Sports,SPO1835,1,470.73,,0,Shipped,AUS,Adelaide
18,2023-01-30,1088,electronics,ELE1017,5,414.29,,20,Cancelled,CAN,Ottawa
19,2023-03-06,1030,beauty,BEA1377,6,335.15,0.15,10,cancelled,CAN,Vancouver
20,2023-03-19,1038,electronics,ELE1339,5,290.71,0.0,10,COMPLETE,AUS,Sydney
21,2023-01-04,1002,toys,TOY1689,6,177.54,0.0,20,completed,USA,Los Angeles
22,2023-03-13,1064,fashion ,FAS1112,6,83.85,0.0,10,shipped,CAN,Vancouver
23,2023-01-26,1060,fashion ,FAS1426,7,304.45,0.1,0,completed,USA,New York
24,2023-03-25,1021,beauty,BEA1597,4,162.47,,20,Shipped,CAN,Montreal
25,2023-03-31,1033,toys,TOY1315,8,433.89,0.0,10,Completed,CAN,Toronto
26,2023-03-11,1076,Books,BOO1815,7,496.7,,20,Pending,CAN,Vancouver
27,2023-02-23,1058,fashion ,FAS1920,9,377.45,,0,cancelled,USA,New York
28,2023-01-29,1022,Home & Kitchen,HOM1742,7,49.79,0.1,10,pending,CAN,Ottawa
29,2023-02-27,1089,fashion ,FAS1893,3,147.9,0.15,0,Completed,USA,Phoenix
30,2023-03-17,1049,AUTOMOTIVE,AUT1704,3,59.01,0.0,10,completed,CAN,Montreal
31,2023-02-05,1091,Books,BOO1644,8,327.0,0.1,5,pending,GBR,Birmingham
32,2023-01-01,1059,AUTOMOTIVE,AUT1027,5,383.77,0.15,10,COMPLETE,CAN,Toronto
33,2023-01-21,1042,AUTOMOTIVE,AUT1611,4,463.21,0.15,20,Pending,AUS,Sydney
34,2023-03-31,1092,Home & Kitchen,HOM1485,8,221.9,0.0,10,Completed,USA,New York
35,2023-02-24,1060,toys,TOY1271,6,451.18,,0,cancelled,GBR,Leeds
36,2023-02-13,1080,AUTOMOTIVE,AUT1990,2,439.56,0.05,0,Completed,USA,Los Angeles
37,2023-02-05,1015,Books,BOO1671,4,162.01,,10,Pending,CAN,Vancouver
38,2023-01-20,1062,fashion ,FAS1801,4,435.11,,20,Shipped,AUS,Brisbane
39,2023-01-28,1062,beauty,BEA1995,6,190.96,0.05,5,cancelled,AUS,Adelaide
40,2023-02-13,1047,Books,BOO1794,6,151.95,0.15,20,cancelled,AUS,Adelaide
41,2023-01-14,1062,electronics,ELE1592,1,326.29,0.05,5,Pending,CAN,Ottawa
42,2023-01-12,1051,fashion ,FAS1591,8,167.55,0.05,0,Completed,CAN,Ottawa
43,2023-02-18,1055,Home & Kitchen,HOM1233,6,316.95,0.1,20,Cancelled,AUS,Melbourne
44,2023-01-13,1064,AUTOMOTIVE,AUT1738,3,306.87,0.1,5,Shipped,CAN,Calgary
45,2023-02-15,1003,beauty,BEA1052,9,283.9,0.1,10,COMPLETE,CAN,Ottawa
46,2023-02-14,1051,AUTOMOTIVE,AUT1597,2,193.31,0.15,0,shipped,GBR,Birmingham
47,2023-03-19,1007,Home & Kitchen,HOM1491,8,276.51,0.05,10,Shipped,CAN,Toronto
48,2023-02-03,1021,Books,BOO1174,10,300.26,0.0,0,shipped,GBR,London
49,2023-01-06,1073,electronics,ELE1536,3,275.12,0.05,20,COMPLETE,AUS,Brisbane
50,2023-02-28,1039,fashion ,FAS1644,5,224.99,0.15,20,cancelled,USA,Chicago
51,2023-03-10,1018,Books,BOO1738,6,12.26,0.1,0,completed,CAN,Montreal
52,2023-01-16,1004,electronics,ELE1634,10,295.6,0.15,0,Pending,AUS,Perth
53,2023-02-18,1089,Sports,SPO1793,6,88.38,0.1,0,cancelled,AUS,Sydney
54,2023-01-11,1060,AUTOMOTIVE,AUT1861,4,323.08,0.15,20,cancelled,CAN,Calgary
55,2023-03-12,1014,fashion ,FAS1389,3,380.88,0.0,5,Pending,USA,Phoenix
56,2023-02-07,1009,fashion ,FAS1151,4,252.72,0.1,10,pending,USA,New York
57,2023-03-22,1090,electronics,ELE1841,1,273.47,0.1,10,Pending,CAN,Montreal
58,2023-03-21,1053,Sports,SPO1697,4,475.98,0.05,20,completed,AUS,Perth
59,2023-02-16,1002,beauty,BEA1248,1,424.35,0.15,10,COMPLETE,CAN,Vancouver
60,2023-03-15,1084,toys,TOY1032,1,457.55,,0,Completed,USA,New York
61,2023-01-25,1092,beauty,BEA1586,10,407.81,,5,Completed,CAN,Montreal
62,2023-01-09,1060,fashion ,FAS1970,6,58.91,0.05,10,shipped,AUS,Brisbane
63,2023-01-06,1071,fashion ,FAS1717,5,78.75,0.15,5,Cancelled,USA,Phoenix
64,2023-03-26,1044,Home & Kitchen,HOM1112,4,265.68,0.0,0,Shipped,USA,Houston
65,2023-01-30,1008,electronics,ELE1195,3,126.8,0.05,10,pending,USA,Phoenix
66,2023-02-07,1047,Sports,SPO1019,1,240.96,0.1,20,Cancelled,AUS,Melbourne
67,2023-01-11,1035,toys,TOY1451,6,200.21,0.0,5,completed,CAN,Vancouver
68,2023-01-30,1078,beauty,BEA1321,2,276.96,0.15,0,Shipped,USA,Phoenix
69,2023-01-13,1081,electronics,ELE1428,8,374.7,0.1,5,Cancelled,AUS,Sydney
70,2023-02-18,1036,Books,BOO1155,10,359.17,,10,Shipped,AUS,Sydney
71,2023-02-05,1050,Home & Kitchen,HOM1422,5,263.01,0.15,10,Cancelled,GBR,Glasgow
72,2023-02-28,1004,Sports,SPO1707,7,412.08,0.1,20,cancelled,USA,Phoenix
73,2023-03-23,1002,Home & Kitchen,HOM1208,10,218.28,0.15,0,pending,AUS,Sydney
74,2023-02-16,1006,fashion ,FAS1420,2,448.87,0.1,0,cancelled,CAN,Calgary
75,2023-01-21,1054,Home & Kitchen,HOM1513,8,40.28,0.15,20,Pending,AUS,Adelaide
76,2023-02-17,1004,toys,TOY1793,2,477.56,,20,Completed,AUS,Brisbane
77,2023-02-15,1054,fashion ,FAS1626,4,329.07,0.05,0,Shipped,GBR,Leeds
78,2023-01-27,1093,beauty,BEA1942,1,193.14,0.1,5,completed,USA,Phoenix
79,2023-03-27,1063,beauty,BEA1482,5,102.59,0.1,5,Cancelled,AUS,Brisbane
80,2023-02-04,1018,Books,BOO1893,9,242.2,,20,Cancelled,CAN,Montreal
81,2023-03-31,1090,fashion ,FAS1868,1,101.31,0.05,5,COMPLETE,GBR,Glasgow
82,2023-03-29,1044,fashion ,FAS1753,9,87.33,0.15,0,Completed,AUS,Adelaide
83,2023-03-24,1034,Sports,SPO1744,8,310.59,0.1,10,cancelled,CAN,Ottawa
84,2023-01-10,1074,fashion ,FAS1063,6,263.93,0.05,10,COMPLETE,USA,Chicago
85,2023-03-19,1062,toys,TOY1722,7,336.7,0.15,5,COMPLETE,GBR,Manchester
86,2023-03-23,1100,Books,BOO1141,3,465.15,0.1,20,pending,AUS,Adelaide
87,2023-01-22,1014,Sports,SPO1531,1,268.47,0.1,20,pending,GBR,Glasgow
88,2023-03-10,1095,toys,TOY1212,5,292.56,0.15,20,COMPLETE,CAN,Calgary
89,2023-02-01,1048,Home & Kitchen,HOM1574,2,49.37,,20,completed,USA,Phoenix
90,2023-01-21,1015,beauty,BEA1332,5,360.23,0.05,20,Shipped,USA,Houston
91,2023-03-01,1072,Books,BOO1678,8,202.95,0.1,5,Completed,USA,Houston
92,2023-02-18,1078,AUTOMOTIVE,AUT1489,9,488.48,0.15,10,Shipped,USA,Los Angeles
93,2023-02-04,1087,beauty,BEA1538,2,412.47,0.1,10,pending,AUS,Adelaide
94,2023-03-23,1062,electronics,ELE1385,3,263.63,0.15,5,COMPLETE,CAN,Vancouver
95,2023-03-30,1040,beauty,BEA1321,3,66.0,0.1,20,Pending,GBR,Birmingham
96,2023-03-13,1085,beauty,BEA1979,1,430.41,0.0,5,shipped,AUS,Melbourne
97,2023-01-29,1080,fashion ,FAS1177,8,400.89,,10,Completed,GBR,London
98,2023-03-29,1082,toys,TOY1470,6,96.37,0.05,0,Completed,USA,New York
99,2023-02-11,1053,fashion ,FAS1934,8,151.16,,5,Shipped,CAN,Toronto
100,2023-01-08,1024,fashion ,FAS1545,9,397.74,,20,Cancelled,AUS,Perth
101,2023-01-30,1026,AUTOMOTIVE,AUT1350,5,96.69,0.05,10,Shipped,GBR,London
102,2023-01-05,1089,AUTOMOTIVE,AUT1559,3,459.29,,10,Cancelled,GBR,Manchester
103,2023-02-10,1060,Books,BOO1362,5,215.14,0.0,10,shipped,AUS,Adelaide
104,2023-02-21,1041,fashion ,FAS1692,5,48.08,0.15,10,Pending,GBR,Leeds
105,2023-02-04,1029,AUTOMOTIVE,AUT1790,5,408.8,0.05,20,Cancelled,GBR,Leeds
106,2023-01-09,1015,Sports,SPO1888,3,189.89,0.15,0,cancelled,AUS,Sydney
107,2023-01-28,1045,Sports,SPO1738,10,265.62,0.1,10,completed,CAN,Montreal
108,2023-03-14,1065,Books,BOO1697,4,60.59,0.0,5,Cancelled,AUS,Brisbane
109,2023-02-10,1089,Sports,SPO1658,9,6.28,0.15,0,Shipped,AUS,Adelaide
110,2023-01-28,1071,Books,BOO1822,10,320.8,0.15,10,Completed,CAN,Vancouver
111,2023-03-25,1009,electronics,ELE1709,9,260.01,0.05,0,Shipped,GBR,London
112,2023-03-05,1088,AUTOMOTIVE,AUT1270,2,298.8,0.1,5,COMPLETE,AUS,Melbourne
113,2023-02-20,1001,fashion ,FAS1624,8,397.9,0.05,10,COMPLETE,GBR,Birmingham
114,2023-03-24,1008,Books,BOO1495,8,325.07,0.1,5,Completed,GBR,Birmingham
115,2023-02-28,1088,Books,BOO1196,7,91.51,0.05,20,Completed,GBR,London
116,2023-01-19,1063,toys,TOY1980,8,183.58,0.15,10,Completed,AUS,Brisbane
117,2023-02-03,1011,fashion ,FAS1252,3,453.42,0.15,10,Pending,CAN,Montreal
118,2023-01-18,1081,electronics,ELE1285,6,386.12,0.0,10,Cancelled,USA,Phoenix
119,2023-02-01,1008,toys,TOY1571,1,280.54,0.15,10,shipped,CAN,Ottawa
120,2023-03-13,1035,AUTOMOTIVE,AUT1305,7,131.54,,20,Shipped,AUS,Brisbane
121,2023-03-10,1035,Home & Kitchen,HOM1230,1,154.52,0.15,10,Pending,CAN,Toronto
122,2023-02-03,1033,fashion ,FAS1964,9,367.32,,0,Shipped,USA,New York
123,2023-03-16,1005,Home & Kitchen,HOM1996,1,426.33,0.15,10,cancelled,CAN,Montreal
124,2023-02-24,1041,fashion ,FAS1304,1,337.36,,20,cancelled,AUS,Brisbane
125,2023-03-16,1028,electronics,ELE1789,7,405.72,,10,completed,GBR,Leeds
126,2023-02-21,1007,toys,TOY1295,2,384.49,0.15,0,COMPLETE,USA,Phoenix
127,2023-02-16,1073,Books,BOO1721,5,79.1,,20,Pending,CAN,Ottawa
128,2023-01-29,1072,toys,TOY1212,8,214.85,0.0,20,Shipped,AUS,Sydney
129,2023-01-18,1012,Home & Kitchen,HOM1706,8,80.73,0.1,0,COMPLETE,USA,Los Angeles
130,2023-03-07,1034,fashion ,FAS1721,3,121.44,,0,Shipped,USA,Los Angeles
131,2023-03-05,1033,beauty,BEA1500,7,435.28,,0,completed,CAN,Montreal
132,2023-01-12,1048,AUTOMOTIVE,AUT1324,3,239.08,0.0,0,Shipped,AUS,Brisbane
133,2023-01-07,1023,Books,BOO1491,6,270.0,0.0,0,shipped,AUS,Perth
134,2023-01-15,1062,Home & Kitchen,HOM1357,6,93.33,0.05,20,pending,USA,Houston
135,2023-01-20,1088,AUTOMOTIVE,AUT1573,3,159.57,0.1,20,completed,USA,New York
136,2023-03-22,1037,Books,BOO1956,7,118.97,0.05,10,cancelled,GBR,Manchester
137,2023-01-21,1099,AUTOMOTIVE,AUT1956,3,107.06,,10,Pending,CAN,Calgary
138,2023-03-29,1044,fashion ,FAS1814,8,320.79,0.0,5,shipped,GBR,Manchester
139,2023-02-24,1086,electronics,ELE1738,10,132.16,,10,completed,USA,Houston
140,2023-03-18,1091,Home & Kitchen,HOM1280,4,317.85,0.15,10,shipped,USA,Phoenix
141,2023-01-09,1035,Sports,SPO1294,1,33.94,0.1,0,Pending,AUS,Brisbane
142,2023-02-19,1065,beauty,BEA1124,4,75.18,0.15,0,Pending,AUS,Perth
143,2023-02-18,1099,Sports,SPO1587,7,140.9,0.0,10,Pending,GBR,Leeds
144,2023-03-18,1047,Home & Kitchen,HOM1692,4,300.54,0.0,5,cancelled,USA,New York
145,2023-03-01,1078,Books,BOO1556,6,339.54,0.0,0,Completed,CAN,Ottawa
146,2023-03-09,1003,Home & Kitchen,HOM1388,9,224.14,0.1,10,pending,AUS,Brisbane
147,2023-02-02,1001,Home & Kitchen,HOM1917,1,225.67,0.05,10,COMPLETE,AUS,Adelaide
148,2023-03-12,1005,fashion ,FAS1404,5,363.64,,20,Pending,USA,Chicago
149,2023-01-02,1090,toys,TOY1838,7,12.83,,5,cancelled,CAN,Ottawa
150,2023-03-29,1014,beauty,BEA1353,1,173.84,,20,shipped,GBR,Glasgow
151,2023-01-15,1027,electronics,ELE1977,4,410.26,,5,Pending,CAN,Toronto
152,2023-03-29,1009,electronics,ELE1791,6,303.59,,0,Shipped,USA,Los Angeles
153,2023-03-10,1079,AUTOMOTIVE,AUT1823,2,171.93,0.05,5,Completed,CAN,Ottawa
154,2023-02-04,1015,electronics,ELE1149,10,453.23,0.15,10,pending,CAN,Montreal
155,2023-03-24,1090,beauty,BEA1297,5,387.45,0.1,10,cancelled,USA,Chicago
156,2023-02-13,1042,AUTOMOTIVE,AUT1043,10,136.12,0.15,5,pending,GBR,London
157,2023-01-15,1077,AUTOMOTIVE,AUT1294,1,324.42,0.15,5,Shipped,CAN,Vancouver
158,2023-02-07,1051,Books,BOO1978,6,299.9,,5,cancelled,USA,Chicago
159,2023-02-25,1063,toys,TOY1731,6,203.59,,20,Cancelled,CAN,Toronto
160,2023-01-21,1096,Sports,SPO1080,4,186.64,0.05,5,shipped,USA,Chicago
161,2023-02-28,1052,Books,BOO1354,8,175.06,0.1,0,completed,GBR,Leeds
162,2023-01-01,1096,toys,TOY1946,4,310.49,0.0,20,Cancelled,AUS,Adelaide
163,2023-02-03,1004,toys,TOY1452,8,223.99,0.15,20,COMPLETE,GBR,Manchester
164,2023-03-06,1094,toys,TOY1671,8,416.77,0.0,5,Completed,AUS,Adelaide
165,2023-01-23,1023,Home & Kitchen,HOM1262,5,336.45,0.1,0,Pending,AUS,Adelaide
166,2023-03-06,1015,Books,BOO1765,4,39.62,0.15,20,Cancelled,CAN,Calgary
167,2023-01-14,1043,Sports,SPO1490,2,321.88,0.0,10,Shipped,USA,Los Angeles
168,2023-03-22,1029,fashion ,FAS1219,3,139.22,0.0,20,COMPLETE,USA,Phoenix
169,2023-02-08,1036,toys,TOY1206,3,298.44,0.05,5,Cancelled,USA,New York
170,2023-03-23,1013,Sports,SPO1847,4,341.67,0.1,0,completed,GBR,Birmingham
171,2023-03-06,1032,fashion ,FAS1551,4,119.26,0.1,5,COMPLETE,GBR,Birmingham
172,2023-03-19,1071,beauty,BEA1277,10,231.15,0.1,10,pending,GBR,London
173,2023-01-26,1059,fashion ,FAS1955,5,99.21,0.15,10,pending,GBR,Birmingham
174,2023-01-20,1086,beauty,BEA1575,4,30.91,0.05,10,completed,CAN,Calgary
175,2023-02-17,1028,electronics,ELE1712,10,192.35,,5,pending,CAN,Toronto
176,2023-01-21,1066,fashion ,FAS1278,8,184.66,0.15,20,completed,AUS,Perth
177,2023-03-11,1042,beauty,BEA1140,6,497.76,0.1,5,cancelled,AUS,Melbourne
178,2023-03-09,1045,toys,TOY1111,6,225.94,0.15,0,completed,USA,Chicago
179,2023-01-01,1062,Home & Kitchen,HOM1630,8,170.12,0.0,20,shipped,GBR,Leeds
180,2023-03-18,1057,fashion ,FAS1758,7,292.34,0.15,10,pending,CAN,Montreal
181,2023-02-11,1006,AUTOMOTIVE,AUT1600,10,48.94,0.15,5,Pending,AUS,Melbourne
182,2023-03-04,1028,beauty,BEA1245,10,481.02,0.1,10,shipped,USA,Phoenix
183,2023-01-03,1028,Books,BOO1248,8,319.31,0.0,10,cancelled,USA,Chicago
184,2023-01-15,1044,beauty,BEA1051,2,378.64,0.1,0,Cancelled,GBR,Manchester
185,2023-02-16,1084,fashion ,FAS1685,9,89.39,0.0,20,Shipped,GBR,London
186,2023-02-09,1030,beauty,BEA1926,1,207.69,0.0,0,Completed,USA,Chicago
187,2023-01-31,1062,Sports,SPO1543,8,214.23,0.0,0,completed,GBR,London
188,2023-01-08,1075,Books,BOO1231,4,411.79,0.1,0,pending,GBR,Manchester
189,2023-01-31,1092,fashion ,FAS1653,4,5.61,0.0,10,shipped,AUS,Sydney
190,2023-03-14,1089,Home & Kitchen,HOM1238,5,153.92,0.05,0,cancelled,AUS,Perth
191,2023-01-11,1062,Sports,SPO1053,8,490.71,0.05,0,cancelled,AUS,Adelaide
192,2023-01-11,1097,Books,BOO1102,5,240.07,,20,COMPLETE,CAN,Toronto
193,2023-03-04,1001,AUTOMOTIVE,AUT1423,8,194.35,0.05,20,cancelled,GBR,Leeds
194,2023-01-09,1027,beauty,BEA1338,10,64.32,,0,Cancelled,AUS,Adelaide
195,2023-03-10,1062,beauty,BEA1734,1,487.21,0.05,20,shipped,AUS,Melbourne
196,2023-01-17,1077,electronics,ELE1483,10,14.91,0.1,20,shipped,USA,Los Angeles
197,2023-01-17,1003,Books,BOO1102,9,369.9,,0,COMPLETE,AUS,Brisbane
198,2023-03-26,1070,beauty,BEA1697,6,385.46,0.15,10,Pending,USA,Houston
199,2023-03-02,1072,electronics,ELE1789,3,125.61,0.15,0,Completed,GBR,Glasgow
200,2023-03-12,1027,electronics,ELE1140,8,337.42,0.05,20,Pending,USA,Chicago
201,2023-01-22,1009,fashion ,FAS1005,9,51.0,0.15,10,completed,AUS,Brisbane
202,2023-02-03,1062,beauty,BEA1987,6,132.24,0.05,5,Shipped,CAN,Vancouver
203,2023-03-09,1037,Sports,SPO1563,7,395.01,0.05,10,completed,CAN,Toronto
204,2023-03-19,1097,AUTOMOTIVE,AUT1951,1,433.02,0.15,20,COMPLETE,GBR,Glasgow
205,2023-02-24,1051,Sports,SPO1161,5,306.2,0.15,10,pending,AUS,Melbourne
206,2023-01-28,1044,Sports,SPO1416,5,255.89,0.0,0,pending,GBR,Manchester
207,2023-03-11,1024,beauty,BEA1668,10,83.86,,5,pending,USA,New York
208,2023-03-30,1079,toys,TOY1957,4,36.24,0.05,5,pending,GBR,Leeds
209,2023-01-26,1059,Home & Kitchen,HOM1901,6,63.24,0.15,5,Pending,CAN,Calgary
210,2023-02-09,1032,electronics,ELE1899,7,117.54,,20,Shipped,GBR,Glasgow
211,2023-02-21,1096,beauty,BEA1487,9,174.13,0.15,20,Cancelled,USA,New York
212,2023-03-27,1088,fashion ,FAS1488,1,193.55,0.15,5,completed,AUS,Sydney
213,2023-03-25,1052,electronics,ELE1666,6,176.43,0.0,10,completed,GBR,Birmingham
214,2023-02-17,1062,AUTOMOTIVE,AUT1204,7,123.33,0.05,5,cancelled,USA,New York
215,2023-02-26,1058,toys,TOY1774,3,257.31,0.05,10,COMPLETE,CAN,Ottawa
216,2023-03-08,1052,Home & Kitchen,HOM1987,8,413.52,0.1,10,COMPLETE,AUS,Sydney
217,2023-02-27,1012,beauty,BEA1294,5,143.45,0.0,20,completed,GBR,Birmingham
218,2023-01-16,1039,AUTOMOTIVE,AUT1328,9,471.48,,10,pending,GBR,Leeds
219,2023-02-01,1002,Books,BOO1292,5,437.3,0.0,5,Pending,CAN,Toronto
220,2023-01-29,1003,toys,TOY1661,9,85.07,,20,Pending,GBR,London
221,2023-01-09,1056,Sports,SPO1060,10,394.21,0.05,0,Pending,CAN,Ottawa
222,2023-02-13,1081,toys,TOY1929,4,289.42,0.1,0,Shipped,CAN,Montreal
223,2023-01-03,1059,AUTOMOTIVE,AUT1787,9,285.45,0.1,20,Shipped,AUS,Sydney
224,2023-03-17,1002,beauty,BEA1091,5,198.57,0.05,5,shipped,CAN,Ottawa
225,2023-03-12,1002,toys,TOY1667,10,253.07,0.15,0,cancelled,CAN,Montreal
226,2023-01-30,1092,beauty,BEA1587,9,201.6,0.0,0,Pending,CAN,Vancouver
227,2023-03-17,1054,fashion ,FAS1237,3,272.17,0.1,10,pending,GBR,Birmingham
228,2023-01-29,1087,beauty,BEA1547,4,315.84,0.15,10,cancelled,CAN,Vancouver
229,2023-01-01,1096,AUTOMOTIVE,AUT1756,9,338.78,,5,Pending,CAN,Vancouver
230,2023-01-10,1097,Home & Kitchen,HOM1740,10,268.58,0.1,20,Cancelled,CAN,Montreal
231,2023-03-22,1001,fashion ,FAS1870,6,362.1,,5,Shipped,CAN,Montreal
232,2023-01-08,1019,Home & Kitchen,HOM1959,2,74.93,0.15,20,Completed,GBR,Glasgow
233,2023-01-30,1002,toys,TOY1038,7,109.93,,0,completed,CAN,Montreal
234,2023-01-09,1053,Sports,SPO1935,2,410.27,0.15,10,Cancelled,USA,Houston
235,2023-01-05,1044,Books,BOO1943,2,164.65,,5,shipped,USA,New York
236,2023-02-12,1090,AUTOMOTIVE,AUT1179,1,16.33,0.0,5,Cancelled,USA,Chicago
237,2023-01-10,1032,Home & Kitchen,HOM1427,3,81.13,0.1,20,Pending,AUS,Melbourne
238,2023-03-07,1070,Books,BOO1903,6,115.69,0.1,20,Pending,USA,Los Angeles
239,2023-01-31,1032,electronics,ELE1857,8,478.87,0.15,5,Completed,USA,Chicago
240,2023-02-05,1068,beauty,BEA1180,9,288.66,,20,cancelled,AUS,Sydney
241,2023-03-27,1055,Home & Kitchen,HOM1956,7,466.7,0.05,5,Completed,GBR,London
242,2023-03-04,1075,fashion ,FAS1941,4,289.71,0.1,5,shipped,GBR,Glasgow
243,2023-01-28,1056,AUTOMOTIVE,AUT1037,6,242.28,,5,Pending,AUS,Adelaide
244,2023-03-11,1017,beauty,BEA1856,5,160.3,,0,shipped,GBR,Glasgow
245,2023-01-17,1038,Books,BOO1406,8,305.15,0.0,20,Pending,AUS,Sydney
246,2023-03-15,1024,AUTOMOTIVE,AUT1806,1,73.9,0.05,10,Pending,CAN,Vancouver
247,2023-03-15,1069,Home & Kitchen,HOM1507,1,449.64,0.1,10,Pending,GBR,Glasgow
248,2023-03-02,1098,Sports,SPO1190,6,415.52,0.0,20,pending,AUS,Brisbane
249,2023-02-01,1070,fashion ,FAS1959,10,162.18,0.05,5,COMPLETE,CAN,Ottawa
250,2023-03-02,1086,electronics,ELE1766,2,476.63,0.1,10,Cancelled,CAN,Montreal
251,2023-02-22,1011,AUTOMOTIVE,AUT1985,5,413.47,0.0,10,pending,USA,Chicago
252,2023-01-25,1016,Sports,SPO1893,1,334.82,0.05,20,completed,AUS,Melbourne
253,2023-01-13,1097,Home & Kitchen,HOM1948,7,65.27,0.1,10,Shipped,AUS,Brisbane
254,2023-01-13,1073,fashion ,FAS1296,1,241.73,0.05,5,shipped,USA,Phoenix
255,2023-03-26,1059,beauty,BEA1897,4,255.52,,20,COMPLETE,GBR,Manchester
256,2023-02-25,1070,Books,BOO1038,9,120.11,0.15,5,completed,AUS,Melbourne
257,2023-02-15,1080,Home & Kitchen,HOM1009,1,44.58,0.15,10,cancelled,CAN,Toronto
258,2023-02-24,1093,toys,TOY1305,4,389.48,,10,Pending,AUS,Brisbane
259,2023-02-22,1003,electronics,ELE1581,6,65.41,0.05,5,Pending,USA,Phoenix
260,2023-03-01,1020,electronics,ELE1617,6,299.17,,0,Shipped,AUS,Brisbane
261,2023-01-07,1059,beauty,BEA1109,8,468.54,0.15,10,Shipped,GBR,Glasgow
262,2023-03-28,1036,fashion ,FAS1950,1,438.67,0.15,0,Shipped,USA,Houston
263,2023-03-25,1019,Home & Kitchen,HOM1343,7,142.49,0.05,10,completed,USA,New York
264,2023-03-24,1090,Home & Kitchen,HOM1291,1,426.47,0.15,0,pending,CAN,Vancouver
265,2023-01-13,1067,Sports,SPO1465,7,5.16,,0,shipped,AUS,Sydney
266,2023-01-08,1019,toys,TOY1656,3,13.76,0.05,0,pending,USA,Houston
267,2023-02-21,1020,Books,BOO1556,8,303.26,,5,Cancelled,GBR,London
268,2023-02-13,1096,fashion ,FAS1536,3,185.58,0.05,0,cancelled,GBR,London
269,2023-01-14,1071,AUTOMOTIVE,AUT1505,1,196.3,0.15,0,shipped,GBR,Leeds
270,2023-02-01,1052,Books,BOO1910,8,284.4,0.1,0,Cancelled,CAN,Toronto
271,2023-01-25,1033,toys,TOY1961,3,99.93,0.05,10,Pending,GBR,London
272,2023-01-25,1040,Books,BOO1137,2,109.82,0.05,0,COMPLETE,CAN,Calgary
273,2023-03-10,1039,Home & Kitchen,HOM1871,1,244.88,0.1,10,Cancelled,GBR,Leeds
274,2023-02-27,1082,fashion ,FAS1516,3,378.36,0.15,0,COMPLETE,AUS,Melbourne
275,2023-01-18,1001,Books,BOO1479,2,311.65,,0,Pending,GBR,Glasgow
276,2023-02-24,1011,beauty,BEA1279,2,152.19,0.0,5,Completed,GBR,Glasgow
277,2023-01-24,1092,electronics,ELE1197,6,218.02,0.1,10,cancelled,CAN,Calgary
278,2023-02-05,1057,AUTOMOTIVE,AUT1828,1,89.48,0.0,0,COMPLETE,AUS,Adelaide
279,2023-03-01,1089,Sports,SPO1115,2,41.94,0.15,10,Pending,AUS,Brisbane
280,2023-02-01,1050,fashion ,FAS1338,6,392.43,0.05,10,Cancelled,CAN,Montreal
281,2023-01-10,1023,fashion ,FAS1166,3,136.37,0.05,20,COMPLETE,AUS,Brisbane
282,2023-02-26,1031,Sports,SPO1748,4,92.99,0.15,5,shipped,GBR,Manchester
283,2023-03-12,1094,AUTOMOTIVE,AUT1469,1,347.35,,5,Completed,GBR,Glasgow
284,2023-01-13,1042,Home & Kitchen,HOM1663,8,310.94,,5,pending,AUS,Sydney
285,2023-01-07,1099,AUTOMOTIVE,AUT1263,7,318.43,0.15,20,shipped,GBR,Leeds
286,2023-03-25,1007,AUTOMOTIVE,AUT1735,7,118.3,0.15,20,pending,AUS,Adelaide
287,2023-03-11,1016,electronics,ELE1190,3,120.16,0.15,5,Pending,CAN,Vancouver
288,2023-01-02,1090,Books,BOO1014,10,114.3,0.15,20,Shipped,CAN,Toronto
289,2023-01-12,1060,beauty,BEA1754,10,91.01,0.15,20,shipped,CAN,Calgary
290,2023-01-31,1002,Sports,SPO1345,3,329.58,0.15,20,shipped,USA,New York
291,2023-01-22,1001,Home & Kitchen,HOM1809,2,424.77,0.05,5,Pending,GBR,Leeds
292,2023-02-22,1048,fashion ,FAS1302,1,363.54,0.0,5,Pending,CAN,Montreal
293,2023-03-04,1012,Home & Kitchen,HOM1581,7,397.09,,5,cancelled,AUS,Perth
294,2023-03-03,1069,Sports,SPO1690,7,205.38,0.0,20,Completed,AUS,Perth
295,2023-01-28,1037,electronics,ELE1775,2,328.77,0.05,5,cancelled,CAN,Vancouver
296,2023-02-21,1032,electronics,ELE1197,7,180.35,0.1,20,completed,CAN,Vancouver
297,2023-01-08,1009,AUTOMOTIVE,AUT1179,8,265.12,0.0,0,Completed,CAN,Vancouver
298,2023-01-22,1099,Sports,SPO1625,1,243.41,0.1,20,cancelled,AUS,Adelaide
299,2023-02-18,1019,toys,TOY1876,9,92.56,0.05,10,pending,USA,Chicago
300,2023-01-01,1048,Sports,SPO1654,7,196.6,,5,Cancelled,CAN,Montreal
301,2023-02-19,1080,Home & Kitchen,HOM1918,3,482.09,0.1,5,Completed,AUS,Perth
302,2023-02-03,1003,Sports,SPO1415,8,128.05,0.05,10,Shipped,AUS,Melbourne
303,2023-02-28,1020,Sports,SPO1846,7,71.23,0.15,20,Cancelled,CAN,Montreal
304,2023-02-06,1024,Sports,SPO1437,8,212.2,,0,Pending,GBR,Birmingham
305,2023-02-24,1054,AUTOMOTIVE,AUT1527,6,396.22,0.15,10,Shipped,AUS,Perth
306,2023-03-31,1033,toys,TOY1335,9,293.16,,10,completed,GBR,Leeds
307,2023-03-13,1024,electronics,ELE1088,5,342.08,,20,COMPLETE,GBR,London
308,2023-03-26,1075,beauty,BEA1410,3,98.9,0.0,5,COMPLETE,USA,New York
309,2023-03-04,1072,toys,TOY1685,3,311.38,,20,pending,AUS,Perth
310,2023-01-20,1036,toys,TOY1097,1,165.13,0.0,10,shipped,USA,New York
311,2023-01-25,1038,beauty,BEA1189,8,417.98,0.1,10,Shipped,CAN,Montreal
312,2023-02-07,1084,toys,TOY1143,2,316.5,,5,cancelled,USA,Houston
313,2023-01-28,1099,Home & Kitchen,HOM1488,3,103.43,0.1,5,COMPLETE,CAN,Calgary
314,2023-01-08,1089,electronics,ELE1331,8,36.99,,5,shipped,GBR,Manchester
315,2023-03-16,1099,toys,TOY1958,8,26.1,0.0,20,COMPLETE,AUS,Brisbane
316,2023-03-11,1025,electronics,ELE1254,4,188.85,0.15,5,Completed,USA,Chicago
317,2023-01-08,1093,AUTOMOTIVE,AUT1006,4,136.6,,10,cancelled,AUS,Adelaide
318,2023-02-10,1018,Sports,SPO1267,5,324.81,0.05,10,shipped,GBR,Glasgow
319,2023-01-08,1082,AUTOMOTIVE,AUT1392,6,252.17,0.15,0,COMPLETE,GBR,Manchester
320,2023-01-07,1066,electronics,ELE1241,5,136.68,0.0,20,shipped,GBR,Glasgow
321,2023-03-16,1054,toys,TOY1457,7,78.87,0.05,0,completed,GBR,London
322,2023-03-03,1035,beauty,BEA1771,2,67.96,0.1,10,completed,GBR,Leeds
323,2023-03-06,1080,electronics,ELE1273,7,433.01,0.0,0,cancelled,GBR,London
324,2023-03-09,1061,toys,TOY1976,10,125.52,0.15,10,Pending,USA,Chicago
325,2023-01-21,1041,Books,BOO1337,7,327.6,0.1,0,pending,AUS,Adelaide
326,2023-01-08,1100,Home & Kitchen,HOM1309,1,406.29,0.1,5,COMPLETE,USA,New York
327,2023-03-07,1033,Home & Kitchen,HOM1596,7,308.97,0.0,0,COMPLETE,GBR,Birmingham
328,2023-01-11,1068,fashion ,FAS1740,5,430.48,0.15,5,cancelled,CAN,Ottawa
329,2023-01-24,1033,fashion ,FAS1586,3,199.23,0.0,5,Completed,CAN,Calgary
330,2023-01-09,1014,AUTOMOTIVE,AUT1011,3,478.33,0.05,20,COMPLETE,GBR,Leeds
331,2023-03-18,1021,Home & Kitchen,HOM1267,4,70.91,0.05,5,Shipped,GBR,Glasgow
332,2023-01-09,1048,fashion ,FAS1669,2,55.56,,5,Shipped,GBR,Leeds
333,2023-03-28,1020,Sports,SPO1368,2,331.05,0.1,0,Shipped,AUS,Melbourne
334,2023-01-31,1008,electronics,ELE1709,1,471.7,,10,Shipped,AUS,Adelaide
335,2023-02-21,1007,beauty,BEA1241,5,405.4,0.15,20,cancelled,USA,Los Angeles
336,2023-01-16,1067,fashion ,FAS1063,4,42.83,0.05,5,Shipped,AUS,Adelaide
337,2023-03-14,1017,electronics,ELE1683,10,143.29,,20,completed,GBR,Manchester
338,2023-02-01,1033,electronics,ELE1121,2,465.51,0.05,0,completed,AUS,Perth
339,2023-03-16,1048,fashion ,FAS1476,3,130.26,0.05,5,Cancelled,CAN,Calgary
340,2023-03-18,1076,Books,BOO1314,7,391.68,0.05,0,pending,CAN,Toronto
341,2023-01-06,1059,Books,BOO1163,7,413.44,0.0,20,shipped,GBR,Birmingham
342,2023-03-21,1086,Home & Kitchen,HOM1415,4,250.25,,0,completed,AUS,Melbourne
343,2023-01-11,1022,fashion ,FAS1702,5,196.24,0.1,20,shipped,AUS,Adelaide
344,2023-02-23,1030,fashion ,FAS1514,5,227.81,,0,Cancelled,USA,Houston
345,2023-03-26,1038,Home & Kitchen,HOM1945,6,117.35,0.1,20,pending,USA,Houston
346,2023-03-16,1051,Home & Kitchen,HOM1916,9,445.25,,10,completed,CAN,Ottawa
347,2023-03-14,1054,AUTOMOTIVE,AUT1909,2,228.06,,0,completed,GBR,Birmingham
348,2023-03-08,1008,toys,TOY1720,5,441.82,0.05,0,pending,CAN,Ottawa
349,2023-02-10,1027,Home & Kitchen,HOM1788,3,57.32,0.1,10,pending,GBR,Manchester
350,2023-02-03,1027,toys,TOY1318,4,494.2,0.1,10,shipped,GBR,Manchester
351,2023-01-27,1098,beauty,BEA1706,10,224.42,0.1,0,Pending,GBR,London
352,2023-03-27,1021,AUTOMOTIVE,AUT1120,6,28.68,,10,COMPLETE,GBR,Glasgow
353,2023-02-10,1030,Books,BOO1654,8,23.82,0.1,5,Completed,AUS,Perth
354,2023-01-31,1097,beauty,BEA1938,1,374.37,,20,Shipped,GBR,London
355,2023-02-03,1028,fashion ,FAS1963,10,331.22,0.0,20,Cancelled,AUS,Adelaide
356,2023-02-20,1064,Books,BOO1302,8,402.05,0.05,20,Pending,GBR,Glasgow
357,2023-01-17,1097,Home & Kitchen,HOM1376,7,57.16,0.15,5,COMPLETE,AUS,Perth
358,2023-03-27,1069,Home & Kitchen,HOM1629,1,22.61,0.0,10,Completed,AUS,Brisbane
359,2023-03-24,1061,Sports,SPO1226,2,256.75,0.1,10,completed,CAN,Ottawa
360,2023-02-08,1048,Books,BOO1224,3,196.86,0.05,0,Pending,CAN,Toronto
361,2023-02-28,1019,fashion ,FAS1980,1,233.66,0.05,10,Pending,USA,Houston
362,2023-02-10,1004,Sports,SPO1136,9,495.84,0.05,0,cancelled,CAN,Vancouver
363,2023-01-10,1035,Books,BOO1489,8,485.52,0.05,5,Cancelled,CAN,Montreal
364,2023-01-02,1064,AUTOMOTIVE,AUT1156,2,471.45,0.1,20,Cancelled,GBR,Leeds
365,2023-02-28,1049,fashion ,FAS1465,9,393.0,0.05,20,shipped,USA,New York
366,2023-03-21,1017,Books,BOO1765,7,180.65,0.15,20,Shipped,CAN,Ottawa
367,2023-03-14,1044,Books,BOO1620,9,209.0,0.15,10,COMPLETE,CAN,Toronto
368,2023-01-13,1092,Home & Kitchen,HOM1382,6,277.06,0.05,0,shipped,AUS,Adelaide
369,2023-01-10,1030,AUTOMOTIVE,AUT1425,6,416.11,,0,cancelled,USA,Houston
370,2023-03-10,1093,Books,BOO1718,4,39.01,0.1,5,shipped,USA,Chicago
371,2023-01-28,1046,AUTOMOTIVE,AUT1562,10,215.03,0.15,10,pending,USA,Houston
372,2023-03-06,1006,beauty,BEA1934,10,45.9,0.15,5,COMPLETE,AUS,Sydney
373,2023-02-03,1099,AUTOMOTIVE,AUT1482,2,259.76,0.15,0,Shipped,USA,New York
374,2023-01-17,1037,toys,TOY1775,7,449.96,0.0,0,completed,USA,Los Angeles
375,2023-02-14,1024,fashion ,FAS1550,5,392.33,0.0,20,pending,AUS,Melbourne
376,2023-01-09,1093,Home & Kitchen,HOM1821,6,117.78,0.15,10,pending,USA,Phoenix
377,2023-02-01,1046,Home & Kitchen,HOM1680,2,488.12,,0,COMPLETE,USA,New York
378,2023-02-17,1053,Home & Kitchen,HOM1845,5,335.34,0.1,20,pending,GBR,Manchester
379,2023-02-06,1095,Home & Kitchen,HOM1223,10,10.16,0.1,10,completed,CAN,Vancouver
380,2023-01-21,1099,Books,BOO1780,4,131.43,0.15,5,Cancelled,USA,Houston
381,2023-02-26,1060,Home & Kitchen,HOM1253,9,134.05,0.15,10,COMPLETE,AUS,Adelaide
382,2023-03-11,1097,AUTOMOTIVE,AUT1696,6,39.28,0.1,10,Completed,GBR,Birmingham
383,2023-02-08,1063,toys,TOY1772,2,480.11,,0,shipped,CAN,Calgary
384,2023-03-20,1085,electronics,ELE1610,1,241.74,0.0,0,completed,CAN,Ottawa
385,2023-03-25,1032,AUTOMOTIVE,AUT1894,5,448.43,0.0,10,Shipped,GBR,Glasgow
386,2023-03-09,1087,Home & Kitchen,HOM1806,9,164.5,0.15,0,Pending,AUS,Perth
387,2023-01-02,1033,Books,BOO1083,6,66.99,0.1,0,Cancelled,CAN,Vancouver
388,2023-03-27,1067,AUTOMOTIVE,AUT1538,10,239.8,0.0,0,completed,CAN,Vancouver
389,2023-03-12,1018,Books,BOO1457,7,61.41,,20,completed,CAN,Montreal
390,2023-02-08,1025,electronics,ELE1540,5,245.58,0.15,20,Completed,USA,Chicago
391,2023-03-26,1095,beauty,BEA1720,10,460.55,0.05,10,completed,USA,Phoenix
392,2023-01-14,1054,beauty,BEA1370,6,262.78,0.15,0,completed,GBR,Birmingham
393,2023-01-18,1058,AUTOMOTIVE,AUT1079,5,310.17,0.05,20,Completed,GBR,Leeds
394,2023-02-03,1067,Home & Kitchen,HOM1939,9,82.54,0.15,10,Shipped,AUS,Brisbane
395,2023-01-15,1046,Sports,SPO1577,6,26.65,0.1,0,cancelled,AUS,Sydney
396,2023-01-14,1024,toys,TOY1114,8,59.85,0.1,5,Shipped,GBR,Glasgow
397,2023-03-12,1032,fashion ,FAS1063,2,301.27,0.1,0,Completed,AUS,Sydney
398,2023-01-20,1047,Sports,SPO1848,9,52.03,0.1,0,Cancelled,CAN,Ottawa
399,2023-02-04,1086,Home & Kitchen,HOM1560,5,191.12,,20,Pending,CAN,Ottawa
400,2023-02-06,1023,AUTOMOTIVE,AUT1924,7,277.3,,10,cancelled,AUS,Perth
401,2023-03-19,1066,AUTOMOTIVE,AUT1517,10,197.38,0.05,10,COMPLETE,AUS,Melbourne
402,2023-01-27,1027,Home & Kitchen,HOM1207,1,86.02,,20,pending,GBR,Birmingham
403,2023-02-13,1002,beauty,BEA1586,10,140.53,0.15,0,completed,GBR,London
404,2023-01-27,1090,Sports,SPO1549,5,464.52,0.1,5,Pending,AUS,Brisbane
405,2023-03-29,1017,Books,BOO1153,10,339.61,0.0,0,Shipped,CAN,Ottawa
406,2023-03-23,1033,electronics,ELE1168,2,250.54,0.0,0,Completed,USA,New York
407,2023-02-03,1009,beauty,BEA1335,6,11.29,0.0,5,Cancelled,AUS,Sydney
408,2023-03-06,1043,electronics,ELE1874,1,496.25,0.15,20,Pending,GBR,Glasgow
409,2023-03-04,1048,toys,TOY1532,3,337.37,0.0,10,COMPLETE,GBR,Birmingham
410,2023-02-02,1039,beauty,BEA1452,5,161.88,0.0,20,Shipped,AUS,Sydney
411,2023-01-07,1093,beauty,BEA1119,4,440.24,0.05,20,Completed,GBR,Birmingham
412,2023-01-12,1042,AUTOMOTIVE,AUT1696,3,132.92,0.15,0,Cancelled,CAN,Toronto
413,2023-03-23,1026,AUTOMOTIVE,AUT1210,10,274.29,0.15,10,Completed,GBR,Manchester
414,2023-02-24,1099,electronics,ELE1734,5,319.86,0.0,10,Pending,USA,Houston
415,2023-02-05,1050,toys,TOY1597,8,114.43,0.15,20,Completed,USA,Phoenix
416,2023-01-06,1025,toys,TOY1500,4,489.31,0.05,5,Completed,CAN,Calgary
417,2023-01-01,1024,Books,BOO1093,1,375.35,0.05,20,cancelled,GBR,Birmingham
418,2023-02-12,1013,Home & Kitchen,HOM1920,7,281.12,0.1,5,pending,GBR,Leeds
419,2023-01-17,1060,toys,TOY1522,8,94.39,0.05,10,pending,AUS,Perth
420,2023-03-23,1007,electronics,ELE1456,3,31.66,0.1,20,Pending,USA,Houston
421,2023-02-03,1057,Home & Kitchen,HOM1828,6,163.43,0.0,0,Cancelled,AUS,Perth
422,2023-01-21,1036,Sports,SPO1056,2,377.83,0.1,20,pending,AUS,Adelaide
423,2023-02-26,1045,Books,BOO1464,7,138.32,0.1,10,shipped,GBR,Manchester
424,2023-03-12,1020,Books,BOO1135,8,272.08,0.0,0,Shipped,USA,Los Angeles
425,2023-02-24,1065,fashion ,FAS1525,6,365.33,0.1,0,Pending,AUS,Perth
426,2023-03-13,1008,AUTOMOTIVE,AUT1425,6,58.43,0.05,5,COMPLETE,GBR,Manchester
427,2023-01-02,1016,toys,TOY1467,5,344.22,0.0,0,completed,CAN,Vancouver
428,2023-01-15,1014,AUTOMOTIVE,AUT1577,8,50.48,0.15,0,Cancelled,USA,Phoenix
429,2023-01-10,1076,beauty,BEA1059,1,482.74,0.1,20,cancelled,GBR,Leeds
430,2023-03-30,1087,AUTOMOTIVE,AUT1572,10,246.76,0.05,10,pending,CAN,Montreal
431,2023-01-20,1015,Home & Kitchen,HOM1473,4,79.58,0.15,5,cancelled,AUS,Perth
432,2023-03-11,1092,electronics,ELE1688,4,174.48,0.0,20,shipped,AUS,Melbourne
433,2023-01-05,1098,toys,TOY1826,3,209.64,0.0,0,pending,AUS,Brisbane
434,2023-02-17,1066,toys,TOY1315,3,380.3,0.0,0,completed,CAN,Vancouver
435,2023-03-16,1032,electronics,ELE1740,4,372.99,0.05,5,completed,CAN,Vancouver
436,2023-03-12,1087,Home & Kitchen,HOM1022,1,307.91,0.15,10,Completed,AUS,Sydney
437,2023-01-19,1063,beauty,BEA1405,2,57.44,0.0,5,Completed,AUS,Sydney
438,2023-02-25,1086,fashion ,FAS1260,9,80.03,0.05,20,cancelled,CAN,Toronto
439,2023-01-17,1051,Books,BOO1836,10,51.41,,5,COMPLETE,GBR,Manchester
440,2023-01-06,1025,fashion ,FAS1003,2,290.7,0.05,0,Completed,USA,Houston
441,2023-02-09,1058,fashion ,FAS1763,5,439.18,,20,Cancelled,AUS,Perth
442,2023-02-16,1063,Books,BOO1223,9,219.73,0.15,0,Completed,CAN,Vancouver
443,2023-01-06,1062,beauty,BEA1592,9,84.62,0.0,10,Completed,GBR,London
444,2023-02-15,1022,Sports,SPO1074,8,281.23,0.0,0,Pending,GBR,Manchester
445,2023-01-27,1058,Home & Kitchen,HOM1046,1,406.82,0.1,0,pending,GBR,Leeds
446,2023-03-29,1058,AUTOMOTIVE,AUT1433,1,372.15,0.0,5,cancelled,AUS,Perth
447,2023-02-01,1086,Books,BOO1352,9,441.32,0.15,0,Pending,CAN,Ottawa
448,2023-03-27,1049,Home & Kitchen,HOM1717,8,142.56,0.05,20,Pending,USA,Houston
449,2023-01-14,1052,beauty,BEA1065,10,101.01,0.15,20,cancelled,CAN,Ottawa
450,2023-02-15,1042,fashion ,FAS1554,9,440.51,0.0,10,completed,CAN,Vancouver
451,2023-03-13,1070,beauty,BEA1061,7,330.49,0.05,20,Completed,GBR,Leeds
452,2023-02-22,1015,electronics,ELE1957,3,158.91,0.15,5,COMPLETE,USA,Phoenix
453,2023-03-21,1054,Sports,SPO1915,3,372.46,0.0,10,completed,AUS,Perth
454,2023-01-20,1060,Books,BOO1070,2,408.48,0.0,20,Pending,AUS,Adelaide
455,2023-01-31,1097,electronics,ELE1956,5,309.41,0.0,5,shipped,GBR,Leeds
456,2023-01-21,1008,electronics,ELE1483,3,345.5,0.1,20,shipped,AUS,Perth
457,2023-01-23,1053,Sports,SPO1032,6,190.75,0.1,20,Shipped,CAN,Montreal
458,2023-02-22,1060,beauty,BEA1293,2,271.65,0.1,0,Completed,GBR,Manchester
459,2023-01-04,1005,Sports,SPO1418,3,264.46,0.05,20,Completed,USA,Los Angeles
460,2023-01-23,1068,toys,TOY1184,5,424.78,0.15,20,completed,CAN,Calgary
461,2023-02-12,1006,beauty,BEA1787,1,420.78,0.05,5,completed,USA,Phoenix
462,2023-02-22,1096,beauty,BEA1138,1,417.18,0.05,5,COMPLETE,USA,New York
463,2023-03-27,1094,AUTOMOTIVE,AUT1784,10,10.46,0.0,0,COMPLETE,CAN,Ottawa
464,2023-02-01,1047,Home & Kitchen,HOM1656,9,376.03,,20,shipped,USA,Houston
465,2023-02-04,1099,electronics,ELE1746,7,380.54,,0,shipped,GBR,Manchester
466,2023-01-21,1055,fashion ,FAS1661,1,340.8,0.0,20,cancelled,GBR,Glasgow
467,2023-03-31,1040,Books,BOO1986,8,379.35,,10,Pending,CAN,Montreal
468,2023-01-14,1052,toys,TOY1430,3,421.78,0.05,10,Completed,AUS,Perth
469,2023-02-18,1016,toys,TOY1383,8,237.81,0.15,0,shipped,USA,Phoenix
470,2023-01-05,1013,Books,BOO1912,5,253.51,0.1,0,shipped,CAN,Ottawa
471,2023-03-02,1030,Sports,SPO1391,1,66.73,0.05,0,COMPLETE,USA,Chicago
472,2023-01-29,1019,AUTOMOTIVE,AUT1459,7,195.76,0.05,5,Completed,CAN,Toronto
473,2023-01-26,1017,Home & Kitchen,HOM1890,5,323.47,0.15,5,Shipped,USA,New York
474,2023-02-28,1063,Books,BOO1939,6,391.3,,5,Shipped,AUS,Adelaide
475,2023-02-14,1019,electronics,ELE1928,6,112.52,0.15,0,cancelled,CAN,Calgary
476,2023-02-09,1092,Books,BOO1386,8,73.22,0.05,20,Pending,GBR,Birmingham
477,2023-01-30,1058,electronics,ELE1384,9,333.21,0.0,10,Shipped,AUS,Sydney
478,2023-01-29,1055,fashion ,FAS1082,2,5.93,0.0,0,cancelled,GBR,Glasgow
479,2023-01-04,1090,Home & Kitchen,HOM1699,9,93.29,0.05,5,Shipped,AUS,Perth
480,2023-03-26,1090,AUTOMOTIVE,AUT1987,10,19.39,0.0,5,COMPLETE,GBR,London
481,2023-01-25,1062,Books,BOO1677,9,87.61,,0,Completed,AUS,Melbourne
482,2023-02-21,1023,Books,BOO1895,10,94.75,0.15,0,COMPLETE,USA,Phoenix
483,2023-02-12,1009,Books,BOO1552,10,196.9,0.1,5,completed,GBR,Birmingham
484,2023-02-05,1012,beauty,BEA1136,7,204.15,0.15,20,COMPLETE,USA,Houston
485,2023-01-09,1001,Home & Kitchen,HOM1669,1,437.76,0.1,5,Completed,CAN,Ottawa
486,2023-02-05,1058,Books,BOO1880,7,257.5,0.05,5,Shipped,USA,New York
487,2023-02-14,1001,electronics,ELE1356,10,363.09,0.05,0,cancelled,GBR,Glasgow
488,2023-03-24,1034,AUTOMOTIVE,AUT1121,5,56.55,0.1,20,cancelled,AUS,Adelaide
489,2023-03-07,1096,toys,TOY1182,6,116.59,0.0,5,COMPLETE,USA,New York
490,2023-02-21,1048,fashion ,FAS1550,10,352.96,0.05,5,Shipped,AUS,Melbourne
491,2023-03-28,1089,AUTOMOTIVE,AUT1402,7,31.14,,10,shipped,CAN,Calgary
492,2023-03-10,1001,Home & Kitchen,HOM1541,5,245.87,,0,completed,CAN,Toronto
493,2023-02-12,1016,Books,BOO1130,7,301.69,,10,COMPLETE,GBR,Glasgow
494,2023-01-04,1061,Home & Kitchen,HOM1745,9,303.06,,10,cancelled,AUS,Adelaide
495,2023-01-15,1064,Sports,SPO1228,3,16.35,0.1,5,cancelled,USA,Chicago
496,2023-02-03,1063,Books,BOO1854,8,164.44,0.0,0,Completed,USA,Phoenix
497,2023-01-23,1069,Books,BOO1003,2,320.06,0.1,20,Shipped,CAN,Toronto
498,2023-03-16,1022,Home & Kitchen,HOM1774,7,78.75,0.05,5,cancelled,AUS,Brisbane
499,2023-02-03,1093,Books,BOO1023,2,349.23,,20,completed,AUS,Adelaide
500,2023-01-05,1067,beauty,BEA1305,4,374.23,,20,Completed,CAN,Toronto
501,2023-01-14,1076,AUTOMOTIVE,AUT1474,7,491.07,,0,Pending,USA,Houston
502,2023-03-18,1026,Sports,SPO1689,3,108.87,0.05,10,shipped,CAN,Calgary
503,2023-02-25,1016,AUTOMOTIVE,AUT1736,2,413.44,0.15,0,completed,AUS,Adelaide
504,2023-02-14,1051,toys,TOY1557,10,262.55,0.1,20,Cancelled,USA,Houston
505,2023-02-10,1086,Home & Kitchen,HOM1434,7,189.86,0.0,5,pending,CAN,Ottawa
506,2023-02-25,1057,Home & Kitchen,HOM1544,1,65.58,0.05,20,shipped,AUS,Brisbane
507,2023-03-19,1029,Sports,SPO1388,8,369.08,0.15,5,Cancelled,AUS,Perth
508,2023-03-07,1078,AUTOMOTIVE,AUT1843,3,121.75,0.15,5,Cancelled,GBR,Birmingham
509,2023-01-15,1092,AUTOMOTIVE,AUT1235,2,188.85,0.0,0,Completed,GBR,Birmingham
510,2023-02-19,1069,toys,TOY1253,3,35.96,0.05,20,Shipped,CAN,Montreal
511,2023-03-15,1047,Sports,SPO1471,5,401.68,0.15,10,pending,USA,Los Angeles
512,2023-01-25,1094,Home & Kitchen,HOM1354,8,384.46,,20,cancelled,USA,New York
513,2023-02-02,1062,toys,TOY1158,10,368.14,0.0,20,shipped,GBR,Glasgow
514,2023-01-06,1069,beauty,BEA1282,7,153.22,,10,Shipped,AUS,Brisbane
515,2023-02-25,1076,Sports,SPO1193,7,90.87,0.0,0,COMPLETE,GBR,Glasgow
516,2023-01-01,1016,toys,TOY1959,7,320.59,0.1,20,Cancelled,CAN,Montreal
517,2023-03-08,1090,toys,TOY1896,8,250.6,0.1,20,completed,GBR,London
518,2023-03-10,1090,Home & Kitchen,HOM1742,1,93.23,0.05,5,completed,USA,Houston
519,2023-03-29,1048,toys,TOY1783,4,344.53,0.15,20,COMPLETE,CAN,Ottawa
520,2023-03-27,1085,fashion ,FAS1115,6,495.61,,10,Cancelled,USA,Los Angeles
521,2023-01-26,1039,fashion ,FAS1032,9,374.87,0.15,5,cancelled,CAN,Ottawa
522,2023-02-16,1100,fashion ,FAS1828,2,371.29,0.1,0,cancelled,AUS,Sydney
523,2023-02-25,1033,AUTOMOTIVE,AUT1676,1,475.4,,5,COMPLETE,GBR,Birmingham
524,2023-01-09,1094,AUTOMOTIVE,AUT1429,10,105.45,0.05,10,Completed,USA,Phoenix
525,2023-03-27,1023,toys,TOY1629,2,284.95,0.15,10,cancelled,CAN,Toronto
526,2023-02-12,1010,fashion ,FAS1784,7,489.93,0.0,5,shipped,GBR,Birmingham
527,2023-03-21,1069,Home & Kitchen,HOM1958,3,86.82,0.0,0,pending,USA,Houston
528,2023-02-10,1100,fashion ,FAS1904,10,351.62,,5,shipped,AUS,Sydney
529,2023-03-26,1034,fashion ,FAS1910,2,294.98,0.0,0,Pending,CAN,Vancouver
530,2023-01-16,1052,beauty,BEA1016,7,295.31,0.0,5,completed,USA,Phoenix
531,2023-02-08,1095,beauty,BEA1246,2,350.35,0.1,10,Cancelled,USA,New York
532,2023-03-06,1010,electronics,ELE1211,3,465.16,0.05,20,pending,AUS,Brisbane
533,2023-02-09,1019,AUTOMOTIVE,AUT1068,7,392.38,0.0,20,Cancelled,CAN,Montreal
534,2023-03-27,1058,Home & Kitchen,HOM1103,4,32.79,0.0,0,Shipped,GBR,Manchester
535,2023-02-22,1096,beauty,BEA1608,1,427.1,0.15,0,Shipped,USA,Phoenix
536,2023-02-11,1001,fashion ,FAS1034,5,116.64,,0,pending,CAN,Montreal
537,2023-02-21,1069,fashion ,FAS1457,9,191.57,0.1,10,Completed,CAN,Montreal
538,2023-03-31,1004,electronics,ELE1612,8,233.56,,5,cancelled,AUS,Brisbane
539,2023-02-07,1016,electronics,ELE1688,9,243.05,0.15,10,cancelled,USA,New York
540,2023-03-12,1024,AUTOMOTIVE,AUT1720,10,220.41,0.15,20,cancelled,GBR,London
541,2023-01-17,1080,beauty,BEA1893,9,468.99,0.15,0,Completed,USA,Phoenix
542,2023-01-25,1002,Home & Kitchen,HOM1049,7,354.48,0.0,5,cancelled,USA,Los Angeles
543,2023-02-23,1092,Home & Kitchen,HOM1250,4,317.43,,20,cancelled,GBR,Glasgow
544,2023-03-27,1032,Books,BOO1758,5,29.67,,20,shipped,CAN,Vancouver
545,2023-02-18,1091,fashion ,FAS1045,1,452.44,,20,Completed,USA,Houston
546,2023-03-28,1084,electronics,ELE1411,1,455.15,0.05,10,cancelled,CAN,Montreal
547,2023-01-23,1024,fashion ,FAS1449,3,391.21,0.1,0,completed,AUS,Melbourne
548,2023-03-20,1012,Sports,SPO1239,8,8.48,0.0,20,Completed,CAN,Montreal
549,2023-03-14,1050,AUTOMOTIVE,AUT1552,2,33.35,0.1,0,Shipped,GBR,Manchester
550,2023-02-08,1035,fashion ,FAS1222,4,116.49,0.0,10,Shipped,GBR,Leeds
551,2023-02-21,1033,toys,TOY1772,2,70.02,,20,completed,AUS,Melbourne
552,2023-03-12,1033,electronics,ELE1884,5,202.42,0.05,10,Cancelled,CAN,Ottawa
553,2023-01-01,1061,fashion ,FAS1794,9,461.7,0.05,10,Cancelled,USA,New York
554,2023-02-08,1051,Home & Kitchen,HOM1057,1,238.67,,0,completed,AUS,Brisbane
555,2023-02-06,1043,AUTOMOTIVE,AUT1143,5,11.63,0.1,20,Completed,GBR,London
556,2023-01-27,1012,Home & Kitchen,HOM1515,9,144.96,0.15,10,Pending,CAN,Vancouver
557,2023-02-25,1067,toys,TOY1296,1,27.07,,20,Cancelled,GBR,Glasgow
558,2023-03-16,1065,electronics,ELE1239,9,22.96,0.0,0,Cancelled,USA,Los Angeles
559,2023-03-19,1033,Sports,SPO1835,8,141.48,0.1,10,pending,AUS,Perth
560,2023-03-25,1040,fashion ,FAS1938,4,141.43,0.15,0,cancelled,AUS,Perth
561,2023-02-11,1074,fashion ,FAS1749,10,394.63,0.05,20,shipped,GBR,Leeds
562,2023-03-01,1043,toys,TOY1589,5,487.54,0.0,20,shipped,AUS,Melbourne
563,2023-02-26,1044,AUTOMOTIVE,AUT1326,5,188.75,0.05,0,completed,CAN,Calgary
564,2023-02-26,1029,AUTOMOTIVE,AUT1591,6,217.3,0.0,5,pending,CAN,Vancouver
565,2023-03-28,1013,beauty,BEA1612,7,423.17,0.15,10,cancelled,GBR,Manchester
566,2023-01-28,1012,Books,BOO1791,8,137.73,0.0,20,shipped,GBR,Glasgow
567,2023-03-07,1095,Books,BOO1688,8,82.41,0.15,20,Cancelled,AUS,Brisbane
568,2023-03-02,1046,AUTOMOTIVE,AUT1838,2,427.28,,10,cancelled,GBR,London
569,2023-01-22,1002,electronics,ELE1328,9,28.02,,0,shipped,CAN,Montreal
570,2023-03-26,1035,AUTOMOTIVE,AUT1242,7,311.75,0.0,0,cancelled,USA,New York
571,2023-01-11,1087,Home & Kitchen,HOM1309,4,283.19,0.1,0,Completed,CAN,Toronto
572,2023-02-06,1081,AUTOMOTIVE,AUT1897,4,176.23,0.05,5,Completed,AUS,Melbourne
573,2023-03-07,1090,Home & Kitchen,HOM1146,8,161.02,0.0,5,pending,GBR,Leeds
574,2023-03-26,1008,Books,BOO1676,4,387.07,0.0,20,completed,GBR,Leeds
575,2023-03-23,1093,beauty,BEA1533,6,47.78,0.05,0,shipped,GBR,Leeds
576,2023-03-21,1026,beauty,BEA1226,5,122.21,0.0,10,shipped,AUS,Brisbane
577,2023-02-12,1074,toys,TOY1423,3,367.56,0.05,20,Pending,USA,Houston
578,2023-01-12,1090,AUTOMOTIVE,AUT1307,10,276.42,0.15,10,Cancelled,AUS,Adelaide
579,2023-01-31,1034,Home & Kitchen,HOM1281,2,68.35,0.1,20,Cancelled,CAN,Vancouver
580,2023-03-28,1007,toys,TOY1062,9,441.66,,5,shipped,USA,Houston
581,2023-02-09,1068,AUTOMOTIVE,AUT1570,10,199.76,,20,Completed,GBR,Leeds
582,2023-01-29,1058,beauty,BEA1971,9,414.79,0.1,5,completed,CAN,Calgary
583,2023-01-26,1075,Books,BOO1605,1,394.92,0.05,20,COMPLETE,GBR,Birmingham
584,2023-01-19,1029,toys,TOY1900,10,314.09,0.1,0,cancelled,USA,Los Angeles
585,2023-01-04,1036,Home & Kitchen,HOM1752,3,249.77,0.05,10,COMPLETE,AUS,Adelaide
586,2023-01-06,1089,beauty,BEA1933,8,489.88,0.1,0,Shipped,CAN,Calgary
587,2023-02-01,1021,Books,BOO1179,6,76.76,0.0,20,Completed,AUS,Sydney
588,2023-03-02,1036,AUTOMOTIVE,AUT1641,5,363.95,0.0,20,Pending,CAN,Montreal
589,2023-03-20,1010,toys,TOY1695,5,99.64,0.1,20,pending,GBR,Leeds
590,2023-01-10,1073,Home & Kitchen,HOM1437,6,172.44,0.15,5,pending,GBR,Leeds
591,2023-02-28,1024,Books,BOO1569,7,157.81,0.1,10,Completed,AUS,Brisbane
592,2023-02-23,1064,AUTOMOTIVE,AUT1507,1,473.78,,10,Shipped,GBR,Glasgow
593,2023-03-22,1099,electronics,ELE1048,9,483.84,0.0,20,pending,USA,New York
594,2023-03-15,1049,AUTOMOTIVE,AUT1995,3,95.59,0.1,20,cancelled,USA,New York
595,2023-01-25,1099,beauty,BEA1352,4,15.91,,5,pending,USA,Phoenix
596,2023-03-31,1036,toys,TOY1964,10,361.4,0.0,0,shipped,USA,Chicago
597,2023-02-19,1082,Sports,SPO1658,1,211.91,0.15,0,Completed,CAN,Calgary
598,2023-03-05,1096,AUTOMOTIVE,AUT1687,10,48.98,0.15,10,Shipped,CAN,Ottawa
599,2023-02-21,1024,fashion ,FAS1390,3,343.46,,5,completed,USA,Chicago
600,2023-02-01,1023,Sports,SPO1804,2,274.83,0.1,20,Completed,CAN,Montreal
601,2023-01-19,1062,Sports,SPO1537,2,490.36,0.0,10,cancelled,USA,Chicago
602,2023-03-25,1096,toys,TOY1326,1,117.57,0.15,5,cancelled,AUS,Brisbane
603,2023-03-30,1037,toys,TOY1713,8,204.97,,0,Cancelled,CAN,Toronto
604,2023-01-01,1012,Home & Kitchen,HOM1426,3,273.56,0.05,5,COMPLETE,USA,Chicago
605,2023-01-14,1055,beauty,BEA1418,3,396.89,0.1,0,cancelled,USA,Phoenix
606,2023-02-24,1013,Home & Kitchen,HOM1152,6,276.68,0.05,5,completed,AUS,Perth
607,2023-01-29,1023,electronics,ELE1307,8,308.39,0.1,10,Cancelled,AUS,Perth
608,2023-01-23,1089,AUTOMOTIVE,AUT1385,9,116.94,0.0,0,completed,GBR,Manchester
609,2023-03-31,1099,toys,TOY1188,9,424.22,,10,Cancelled,USA,Phoenix
610,2023-03-08,1030,Books,BOO1772,4,217.17,0.0,10,Shipped,GBR,Manchester
611,2023-03-01,1017,toys,TOY1550,5,74.78,0.05,0,cancelled,CAN,Ottawa
612,2023-01-07,1062,toys,TOY1484,2,333.77,,0,Cancelled,USA,Chicago
613,2023-03-13,1084,toys,TOY1246,9,111.96,0.0,20,COMPLETE,USA,Los Angeles
614,2023-02-01,1089,toys,TOY1869,8,53.29,0.0,20,COMPLETE,CAN,Montreal
615,2023-01-16,1086,fashion ,FAS1230,3,431.68,0.0,20,COMPLETE,AUS,Adelaide
616,2023-02-28,1013,electronics,ELE1307,9,232.78,0.05,10,Completed,USA,New York
617,2023-01-18,1059,Books,BOO1878,3,375.9,0.0,10,Shipped,AUS,Sydney
618,2023-03-01,1019,AUTOMOTIVE,AUT1724,9,148.84,0.15,20,shipped,USA,New York
619,2023-03-27,1049,Sports,SPO1147,2,394.55,0.1,10,Cancelled,GBR,London
620,2023-03-09,1100,fashion ,FAS1825,10,60.41,0.15,10,Shipped,AUS,Perth
621,2023-03-13,1012,beauty,BEA1474,9,181.21,0.05,0,Shipped,GBR,London
622,2023-03-18,1061,fashion ,FAS1936,8,489.14,0.05,0,pending,USA,Phoenix
623,2023-02-10,1019,Sports,SPO1059,9,398.02,0.0,10,Pending,GBR,London
624,2023-02-26,1076,Sports,SPO1575,5,251.14,,20,Shipped,USA,Houston
625,2023-03-20,1009,beauty,BEA1422,2,173.19,0.15,5,shipped,USA,Chicago
626,2023-03-06,1071,fashion ,FAS1991,8,436.71,0.05,20,Pending,GBR,Manchester
627,2023-02-24,1028,Sports,SPO1426,6,274.7,0.1,5,cancelled,USA,Chicago
628,2023-03-12,1078,AUTOMOTIVE,AUT1570,8,380.42,0.05,20,COMPLETE,CAN,Montreal
629,2023-02-27,1095,fashion ,FAS1542,5,378.28,0.15,0,COMPLETE,USA,Los Angeles
630,2023-01-21,1052,fashion ,FAS1137,10,13.88,0.1,10,Shipped,USA,New York
631,2023-03-02,1083,beauty,BEA1397,2,67.5,0.1,10,Cancelled,CAN,Toronto
632,2023-02-27,1016,Books,BOO1248,6,331.52,0.0,0,Pending,AUS,Adelaide
633,2023-02-03,1069,Books,BOO1261,5,85.0,,5,Cancelled,CAN,Toronto
634,2023-02-01,1099,toys,TOY1208,5,131.47,0.1,5,shipped,CAN,Toronto
635,2023-03-23,1012,Sports,SPO1338,1,473.59,0.0,5,Cancelled,CAN,Ottawa
636,2023-02-05,1025,toys,TOY1662,2,282.29,,0,pending,CAN,Vancouver
637,2023-03-08,1052,beauty,BEA1080,8,376.61,0.0,5,pending,AUS,Adelaide
638,2023-03-04,1085,electronics,ELE1944,3,281.2,0.05,0,pending,USA,New York
639,2023-03-22,1100,fashion ,FAS1460,10,278.49,0.05,20,Pending,GBR,London
640,2023-01-31,1053,AUTOMOTIVE,AUT1867,3,51.61,,20,shipped,AUS,Sydney
641,2023-02-05,1023,Home & Kitchen,HOM1379,8,175.11,0.0,0,COMPLETE,AUS,Adelaide
642,2023-02-26,1016,Home & Kitchen,HOM1094,8,144.8,0.15,10,COMPLETE,USA,Los Angeles
643,2023-01-10,1057,beauty,BEA1548,2,198.41,0.0,20,Cancelled,CAN,Calgary
644,2023-02-06,1039,Home & Kitchen,HOM1741,8,400.18,0.15,5,Cancelled,CAN,Ottawa
645,2023-01-31,1053,toys,TOY1849,1,189.11,0.1,0,shipped,AUS,Melbourne
646,2023-02-04,1042,beauty,BEA1195,6,228.59,0.1,5,Completed,GBR,London
647,2023-02-12,1058,fashion ,FAS1052,8,201.7,0.1,5,shipped,CAN,Vancouver
648,2023-02-10,1039,toys,TOY1274,3,51.24,0.0,10,Cancelled,AUS,Brisbane
649,2023-03-11,1014,Books,BOO1386,8,223.33,,5,cancelled,GBR,Birmingham
650,2023-01-11,1095,Home & Kitchen,HOM1689,1,101.83,0.15,10,Shipped,GBR,Leeds
651,2023-01-18,1005,Sports,SPO1619,9,97.43,0.0,20,Cancelled,GBR,London
652,2023-01-20,1035,fashion ,FAS1617,9,51.55,0.1,0,Pending,GBR,Leeds
653,2023-01-30,1087,AUTOMOTIVE,AUT1040,5,181.55,0.05,5,Shipped,AUS,Brisbane
654,2023-02-19,1093,electronics,ELE1894,10,379.95,0.1,0,completed,AUS,Perth
655,2023-03-30,1075,Books,BOO1074,4,141.84,,5,Cancelled,GBR,Birmingham
656,2023-01-20,1018,electronics,ELE1192,6,159.61,0.1,0,Completed,CAN,Montreal
657,2023-01-28,1076,Books,BOO1823,7,323.12,,5,completed,CAN,Vancouver
658,2023-01-09,1009,AUTOMOTIVE,AUT1779,5,101.94,0.05,5,Shipped,AUS,Sydney
659,2023-02-23,1074,Sports,SPO1601,10,448.99,0.15,5,COMPLETE,GBR,Birmingham
660,2023-02-22,1058,Books,BOO1741,9,262.49,0.1,5,completed,GBR,London
661,2023-02-12,1017,Home & Kitchen,HOM1687,3,226.56,,5,completed,AUS,Perth
662,2023-03-11,1007,AUTOMOTIVE,AUT1572,7,281.12,0.15,5,pending,AUS,Perth
663,2023-03-01,1046,Sports,SPO1222,10,87.19,0.05,5,Pending,AUS,Brisbane
664,2023-02-23,1013,electronics,ELE1490,10,308.67,,5,COMPLETE,USA,New York
665,2023-01-08,1040,AUTOMOTIVE,AUT1213,5,184.73,0.05,5,Pending,USA,Chicago
666,2023-01-27,1042,Home & Kitchen,HOM1890,7,449.11,0.05,0,Pending,GBR,Birmingham
667,2023-02-23,1009,AUTOMOTIVE,AUT1928,2,88.58,0.0,10,COMPLETE,USA,Los Angeles
668,2023-02-19,1050,toys,TOY1340,4,255.99,0.15,5,completed,CAN,Calgary
669,2023-03-16,1027,toys,TOY1310,2,301.07,0.0,10,Pending,GBR,London
670,2023-03-31,1066,electronics,ELE1979,7,21.52,0.05,5,pending,USA,Houston
671,2023-01-03,1005,beauty,BEA1930,2,185.03,,5,Cancelled,GBR,Manchester
672,2023-03-15,1029,fashion ,FAS1015,1,367.65,0.1,0,completed,CAN,Ottawa
673,2023-02-18,1037,toys,TOY1216,9,411.09,0.0,20,shipped,CAN,Calgary
674,2023-03-03,1038,fashion ,FAS1959,1,160.02,0.1,20,cancelled,GBR,Manchester
675,2023-01-01,1083,fashion ,FAS1194,8,400.3,0.0,0,Completed,USA,Houston
676,2023-02-15,1008,electronics,ELE1985,2,484.04,0.15,10,Cancelled,GBR,London
677,2023-02-08,1065,Home & Kitchen,HOM1759,8,429.15,0.1,20,pending,CAN,Vancouver
678,2023-02-19,1086,electronics,ELE1120,3,63.23,0.0,0,Cancelled,USA,Phoenix
679,2023-02-23,1017,beauty,BEA1764,6,371.17,0.05,0,Shipped,USA,Houston
680,2023-03-10,1071,Sports,SPO1772,3,163.24,,20,pending,AUS,Melbourne
681,2023-03-11,1089,toys,TOY1490,7,494.27,0.05,10,Cancelled,GBR,Glasgow
682,2023-03-19,1045,Books,BOO1936,10,245.25,0.15,0,Pending,CAN,Toronto
683,2023-01-29,1004,Home & Kitchen,HOM1248,9,65.6,0.15,5,completed,CAN,Calgary
684,2023-03-04,1036,beauty,BEA1712,2,363.97,0.0,10,Shipped,GBR,Birmingham
685,2023-01-29,1070,Sports,SPO1618,5,164.89,0.05,10,Shipped,GBR,London
686,2023-02-04,1031,beauty,BEA1720,6,498.55,0.1,20,Shipped,CAN,Toronto
687,2023-02-25,1019,Home & Kitchen,HOM1209,4,489.99,0.0,20,shipped,CAN,Toronto
688,2023-03-04,1061,electronics,ELE1406,4,329.79,0.0,5,Cancelled,GBR,London
689,2023-01-04,1054,Sports,SPO1937,4,69.26,0.05,0,completed,GBR,Glasgow
690,2023-02-19,1039,Books,BOO1245,2,345.0,,20,completed,USA,Chicago
691,2023-02-13,1091,fashion ,FAS1565,4,51.05,0.15,20,Pending,AUS,Perth
692,2023-03-27,1074,Home & Kitchen,HOM1329,1,19.54,0.1,10,pending,CAN,Toronto
693,2023-03-28,1090,Home & Kitchen,HOM1794,6,412.36,0.15,20,cancelled,USA,Houston
694,2023-02-21,1019,fashion ,FAS1289,1,108.83,0.0,20,pending,GBR,Manchester
695,2023-01-22,1039,electronics,ELE1389,10,192.62,,20,shipped,AUS,Sydney
696,2023-03-01,1067,Sports,SPO1477,6,486.86,0.0,20,Cancelled,CAN,Toronto
697,2023-01-17,1045,toys,TOY1546,1,171.74,,10,pending,AUS,Perth
698,2023-03-21,1013,beauty,BEA1664,6,151.76,0.05,5,pending,USA,Chicago
699,2023-03-10,1092,Books,BOO1367,10,459.51,0.15,5,Pending,GBR,Manchester
700,2023-01-04,1058,electronics,ELE1315,8,59.82,0.0,0,cancelled,USA,Chicago
701,2023-02-20,1020,AUTOMOTIVE,AUT1267,2,380.99,,20,COMPLETE,AUS,Perth
702,2023-03-17,1092,Sports,SPO1368,2,494.09,,10,Completed,USA,Phoenix
703,2023-03-14,1072,Books,BOO1525,4,451.14,0.0,0,COMPLETE,USA,New York
704,2023-03-26,1061,toys,TOY1903,3,327.58,0.15,0,COMPLETE,GBR,Glasgow
705,2023-01-04,1039,Home & Kitchen,HOM1509,4,160.46,0.05,5,Cancelled,GBR,Leeds
706,2023-01-11,1001,AUTOMOTIVE,AUT1477,7,130.89,0.05,10,Completed,AUS,Perth
707,2023-03-24,1003,Home & Kitchen,HOM1100,1,410.53,0.1,10,Shipped,AUS,Perth
708,2023-02-24,1077,electronics,ELE1822,6,440.51,0.1,10,completed,USA,Houston
709,2023-01-18,1092,Books,BOO1739,3,265.09,0.1,5,Shipped,CAN,Toronto
710,2023-03-01,1062,fashion ,FAS1480,10,125.95,0.15,5,Pending,USA,Phoenix
711,2023-01-24,1063,electronics,ELE1779,7,60.91,0.1,5,Cancelled,AUS,Melbourne
712,2023-01-07,1025,Books,BOO1859,10,48.15,0.1,5,Pending,USA,New York
713,2023-02-03,1056,AUTOMOTIVE,AUT1327,2,360.94,0.15,5,COMPLETE,GBR,Leeds
714,2023-02-18,1033,beauty,BEA1936,2,212.96,0.1,20,COMPLETE,USA,Houston
715,2023-02-11,1038,electronics,ELE1208,4,453.15,0.05,20,Pending,GBR,London
716,2023-01-28,1006,AUTOMOTIVE,AUT1379,1,371.14,0.0,10,completed,CAN,Ottawa
717,2023-02-28,1058,Home & Kitchen,HOM1320,3,99.67,0.05,0,shipped,GBR,Glasgow
718,2023-02-11,1044,AUTOMOTIVE,AUT1423,9,308.82,0.05,10,cancelled,CAN,Montreal
719,2023-02-13,1045,Sports,SPO1046,7,220.58,,0,COMPLETE,CAN,Montreal
720,2023-02-18,1032,Home & Kitchen,HOM1576,7,290.74,0.0,5,completed,USA,Chicago
721,2023-02-05,1045,AUTOMOTIVE,AUT1884,4,370.34,0.05,0,COMPLETE,AUS,Perth
722,2023-02-23,1061,toys,TOY1226,2,404.07,0.0,10,shipped,AUS,Sydney
723,2023-02-02,1047,electronics,ELE1759,4,422.65,0.05,10,completed,USA,New York
724,2023-01-11,1021,AUTOMOTIVE,AUT1149,6,130.72,0.15,0,Pending,CAN,Montreal
725,2023-03-02,1080,AUTOMOTIVE,AUT1016,3,20.4,0.15,20,cancelled,AUS,Adelaide
726,2023-01-03,1085,toys,TOY1267,1,370.95,0.1,5,Cancelled,GBR,Birmingham
727,2023-03-11,1075,fashion ,FAS1566,8,57.64,0.15,5,shipped,AUS,Sydney
728,2023-01-07,1036,fashion ,FAS1957,5,160.89,0.0,10,Completed,CAN,Calgary
729,2023-02-14,1099,toys,TOY1598,5,6.89,,20,shipped,CAN,Montreal
730,2023-01-29,1019,toys,TOY1593,4,342.43,0.1,0,Cancelled,GBR,Manchester
731,2023-03-25,1020,Home & Kitchen,HOM1737,6,87.73,0.05,5,pending,USA,Los Angeles
732,2023-01-09,1057,fashion ,FAS1427,3,329.36,0.15,20,COMPLETE,AUS,Adelaide
733,2023-03-25,1018,electronics,ELE1302,9,495.91,0.1,5,Cancelled,USA,New York
734,2023-01-06,1047,beauty,BEA1156,5,40.97,0.15,20,Completed,AUS,Perth
735,2023-01-04,1049,Sports,SPO1200,3,43.15,0.1,20,Cancelled,GBR,Manchester
736,2023-02-01,1014,electronics,ELE1337,1,173.49,0.0,10,COMPLETE,USA,Chicago
737,2023-01-26,1015,Sports,SPO1235,10,433.86,0.0,5,Shipped,AUS,Perth
738,2023-01-03,1031,electronics,ELE1388,6,111.69,0.05,0,Cancelled,AUS,Sydney
739,2023-03-21,1001,AUTOMOTIVE,AUT1583,2,183.39,0.1,10,Cancelled,CAN,Montreal
740,2023-01-20,1054,beauty,BEA1853,3,38.91,,10,Shipped,CAN,Calgary
741,2023-01-31,1003,Books,BOO1251,1,382.76,0.0,0,Completed,AUS,Sydney
742,2023-01-17,1016,fashion ,FAS1511,9,207.11,0.05,10,shipped,CAN,Calgary
743,2023-03-02,1087,beauty,BEA1563,8,380.83,0.1,20,pending,AUS,Melbourne
744,2023-03-27,1057,electronics,ELE1670,2,452.29,0.05,20,pending,AUS,Melbourne
745,2023-01-15,1075,Sports,SPO1966,8,120.22,0.0,5,shipped,CAN,Toronto
746,2023-03-14,1012,beauty,BEA1701,9,404.66,0.05,5,shipped,CAN,Vancouver
747,2023-01-28,1074,AUTOMOTIVE,AUT1345,1,34.25,0.1,0,shipped,CAN,Toronto
748,2023-03-01,1096,electronics,ELE1263,5,449.93,0.15,5,Pending,USA,Phoenix
749,2023-03-31,1016,AUTOMOTIVE,AUT1781,8,327.13,,20,pending,GBR,Manchester
750,2023-02-02,1072,beauty,BEA1841,2,437.74,0.0,0,Cancelled,AUS,Perth
751,2023-02-17,1076,Home & Kitchen,HOM1500,4,5.09,0.1,0,cancelled,GBR,Leeds
752,2023-01-22,1024,AUTOMOTIVE,AUT1989,7,88.7,0.1,5,Cancelled,USA,New York
753,2023-03-19,1028,Books,BOO1740,3,197.93,0.05,20,completed,USA,Phoenix
754,2023-03-19,1008,Books,BOO1657,5,192.85,0.0,0,Completed,AUS,Brisbane
755,2023-01-15,1092,fashion ,FAS1757,8,117.23,0.15,20,shipped,AUS,Perth
756,2023-01-21,1036,Books,BOO1502,10,193.9,0.15,20,cancelled,GBR,Glasgow
757,2023-02-09,1090,AUTOMOTIVE,AUT1471,3,68.78,,20,pending,GBR,Leeds
758,2023-01-14,1008,toys,TOY1172,4,209.32,,5,pending,CAN,Toronto
759,2023-03-16,1058,fashion ,FAS1750,9,402.17,0.05,10,completed,GBR,London
760,2023-01-04,1060,fashion ,FAS1814,7,242.14,0.0,10,shipped,GBR,Birmingham
761,2023-02-09,1050,AUTOMOTIVE,AUT1360,1,13.91,0.15,0,Shipped,USA,New York
762,2023-03-15,1028,beauty,BEA1173,4,213.61,0.0,20,Completed,GBR,Birmingham
763,2023-03-28,1092,Home & Kitchen,HOM1143,4,18.45,0.05,5,Shipped,CAN,Toronto
764,2023-02-18,1041,Books,BOO1737,9,483.29,0.0,20,Pending,GBR,Leeds
765,2023-02-20,1100,Home & Kitchen,HOM1559,6,68.09,0.0,20,Cancelled,AUS,Sydney
766,2023-01-26,1064,Books,BOO1500,9,355.31,0.0,5,Pending,CAN,Vancouver
767,2023-01-10,1027,toys,TOY1188,6,486.52,0.05,10,completed,AUS,Adelaide
768,2023-03-17,1063,beauty,BEA1938,6,413.89,0.05,20,Cancelled,USA,Houston
769,2023-03-30,1017,AUTOMOTIVE,AUT1910,5,351.16,0.05,20,shipped,CAN,Ottawa
770,2023-03-22,1073,Home & Kitchen,HOM1555,5,420.53,0.15,10,Cancelled,CAN,Vancouver
771,2023-02-01,1033,Home & Kitchen,HOM1657,2,490.99,0.1,5,Cancelled,GBR,Glasgow
772,2023-01-14,1084,AUTOMOTIVE,AUT1980,8,312.57,0.0,0,cancelled,CAN,Vancouver
773,2023-03-31,1077,beauty,BEA1060,8,281.8,,10,cancelled,USA,New York
774,2023-02-08,1092,beauty,BEA1536,1,315.98,,0,completed,USA,New York
775,2023-03-29,1029,fashion ,FAS1034,8,268.67,0.1,0,Pending,USA,Los Angeles
776,2023-03-18,1013,Books,BOO1859,5,319.37,0.0,10,pending,CAN,Calgary
777,2023-01-16,1046,toys,TOY1867,2,227.67,0.0,20,shipped,CAN,Toronto
778,2023-03-14,1035,fashion ,FAS1076,2,113.13,0.0,0,Cancelled,GBR,Leeds
779,2023-01-06,1006,AUTOMOTIVE,AUT1967,6,64.52,0.05,0,Completed,USA,Phoenix
780,2023-02-14,1082,fashion ,FAS1837,9,38.83,0.15,5,Completed,GBR,London
781,2023-03-10,1069,electronics,ELE1684,1,135.34,0.05,20,COMPLETE,USA,Los Angeles
782,2023-02-24,1047,AUTOMOTIVE,AUT1049,6,27.83,0.0,0,Cancelled,GBR,Manchester
783,2023-03-26,1025,Books,BOO1782,9,285.75,0.1,5,Cancelled,AUS,Sydney
784,2023-02-17,1066,beauty,BEA1006,8,145.5,0.0,20,completed,AUS,Melbourne
785,2023-01-09,1010,electronics,ELE1422,6,413.14,0.0,10,Completed,USA,New York
786,2023-03-06,1056,Home & Kitchen,HOM1140,3,41.75,0.15,10,pending,GBR,Birmingham
787,2023-03-24,1030,Books,BOO1862,8,117.04,0.0,5,pending,CAN,Toronto
788,2023-02-13,1005,AUTOMOTIVE,AUT1645,9,366.47,0.05,10,Shipped,CAN,Calgary
789,2023-01-02,1033,toys,TOY1236,1,301.41,,0,Completed,CAN,Ottawa
790,2023-02-23,1065,electronics,ELE1069,9,36.92,0.15,20,pending,GBR,Manchester
791,2023-03-04,1018,toys,TOY1724,6,439.23,0.15,0,Cancelled,AUS,Adelaide
792,2023-01-14,1096,fashion ,FAS1154,6,439.24,0.15,0,Shipped,CAN,Toronto
793,2023-02-25,1049,electronics,ELE1009,4,168.55,0.0,10,Completed,USA,New York
794,2023-02-16,1011,toys,TOY1223,1,173.5,0.15,0,COMPLETE,AUS,Sydney
795,2023-03-23,1085,Home & Kitchen,HOM1517,10,494.57,0.15,10,completed,USA,Houston
796,2023-02-28,1026,Sports,SPO1466,8,314.96,0.05,20,cancelled,GBR,Glasgow
797,2023-01-20,1063,AUTOMOTIVE,AUT1382,2,268.0,0.1,20,shipped,CAN,Ottawa
798,2023-02-25,1089,AUTOMOTIVE,AUT1061,1,419.89,0.05,0,completed,USA,Los Angeles
799,2023-01-23,1086,Books,BOO1632,2,146.22,0.05,5,Completed,GBR,London
800,2023-03-08,1059,electronics,ELE1653,1,217.45,0.1,10,Completed,CAN,Vancouver
801,2023-03-25,1027,toys,TOY1682,1,137.55,0.1,10,completed,GBR,Leeds
802,2023-02-04,1049,fashion ,FAS1956,9,395.63,0.15,0,COMPLETE,USA,Chicago
803,2023-03-20,1077,AUTOMOTIVE,AUT1631,1,288.81,0.05,10,Pending,AUS,Perth
804,2023-03-10,1033,AUTOMOTIVE,AUT1934,4,331.12,0.0,10,Cancelled,USA,Chicago
805,2023-03-03,1098,fashion ,FAS1494,10,129.89,,5,Completed,USA,New York
806,2023-03-01,1099,Home & Kitchen,HOM1675,6,114.01,,5,pending,AUS,Adelaide
807,2023-02-25,1001,toys,TOY1499,7,246.75,,0,Pending,GBR,Glasgow
808,2023-03-17,1021,AUTOMOTIVE,AUT1016,2,370.1,0.05,5,Shipped,GBR,Manchester
809,2023-02-04,1055,Books,BOO1006,6,264.99,0.1,0,Shipped,USA,Chicago
810,2023-02-11,1006,AUTOMOTIVE,AUT1544,7,21.16,0.15,20,cancelled,USA,Los Angeles
811,2023-02-01,1092,beauty,BEA1564,10,434.93,0.15,0,Shipped,GBR,London
812,2023-01-12,1081,Sports,SPO1421,10,37.02,,20,Shipped,AUS,Adelaide
813,2023-02-05,1069,Home & Kitchen,HOM1012,2,478.13,0.15,0,shipped,CAN,Vancouver
814,2023-02-27,1095,electronics,ELE1017,2,17.45,0.0,10,completed,AUS,Brisbane
815,2023-02-01,1005,toys,TOY1542,10,348.75,0.0,5,Shipped,USA,New York
816,2023-03-01,1003,fashion ,FAS1739,7,45.69,0.1,20,Completed,GBR,London
817,2023-03-14,1053,Books,BOO1281,1,455.78,0.15,0,Cancelled,AUS,Brisbane
818,2023-03-20,1023,Home & Kitchen,HOM1548,8,234.89,0.05,5,completed,USA,Los Angeles
819,2023-03-27,1053,beauty,BEA1293,3,73.07,0.15,0,Completed,CAN,Calgary
820,2023-02-18,1037,beauty,BEA1017,6,173.7,0.05,5,completed,CAN,Vancouver
821,2023-02-13,1074,fashion ,FAS1514,9,86.59,,5,Completed,AUS,Brisbane
822,2023-01-04,1074,Sports,SPO1832,6,89.44,0.05,0,shipped,USA,Phoenix
823,2023-03-05,1083,beauty,BEA1714,9,474.31,,20,Cancelled,USA,Los Angeles
824,2023-02-11,1017,fashion ,FAS1690,7,225.4,0.0,20,Completed,CAN,Calgary
825,2023-01-24,1085,Sports,SPO1440,9,395.46,0.15,10,Pending,GBR,Manchester
826,2023-03-04,1078,Home & Kitchen,HOM1825,2,321.6,0.1,5,Pending,GBR,Glasgow
827,2023-01-28,1073,toys,TOY1962,8,339.83,0.15,10,Completed,AUS,Sydney
828,2023-02-15,1001,Home & Kitchen,HOM1931,8,70.19,,10,Pending,AUS,Melbourne
829,2023-02-03,1051,fashion ,FAS1183,2,120.92,0.15,0,cancelled,CAN,Toronto
830,2023-02-13,1045,toys,TOY1109,4,394.44,0.1,0,Shipped,USA,Phoenix
831,2023-02-05,1077,fashion ,FAS1940,7,485.53,,0,Shipped,GBR,Leeds
832,2023-03-18,1004,Home & Kitchen,HOM1098,4,135.02,,5,completed,GBR,Manchester
833,2023-03-31,1062,AUTOMOTIVE,AUT1536,4,139.43,0.1,0,cancelled,GBR,London
834,2023-02-05,1065,AUTOMOTIVE,AUT1152,6,239.08,0.15,0,COMPLETE,GBR,Leeds
835,2023-03-13,1032,Home & Kitchen,HOM1246,10,492.0,0.1,5,Cancelled,CAN,Toronto
836,2023-01-02,1034,beauty,BEA1196,6,138.13,0.05,5,pending,GBR,London
837,2023-03-08,1092,beauty,BEA1634,10,206.45,0.0,20,COMPLETE,USA,New York
838,2023-01-25,1095,toys,TOY1539,3,446.28,0.1,0,Shipped,GBR,Manchester
839,2023-01-11,1072,toys,TOY1258,9,6.45,,0,Cancelled,AUS,Sydney
840,2023-01-31,1039,AUTOMOTIVE,AUT1834,10,24.68,0.05,0,Pending,USA,Phoenix
841,2023-02-22,1026,Sports,SPO1362,2,304.02,0.0,20,COMPLETE,GBR,Birmingham
842,2023-03-04,1034,Home & Kitchen,HOM1273,6,454.15,0.1,0,Pending,CAN,Calgary
843,2023-03-13,1054,Sports,SPO1814,7,123.23,0.0,20,shipped,CAN,Calgary
844,2023-01-31,1003,toys,TOY1406,9,237.47,0.15,10,completed,GBR,Manchester
845,2023-03-30,1050,Sports,SPO1080,3,227.98,,20,Cancelled,AUS,Melbourne
846,2023-03-02,1012,fashion ,FAS1382,10,239.12,0.1,10,Cancelled,CAN,Vancouver
847,2023-03-24,1065,electronics,ELE1982,3,313.15,,0,COMPLETE,USA,Chicago
848,2023-03-04,1054,AUTOMOTIVE,AUT1415,7,237.52,0.05,10,Completed,AUS,Adelaide
849,2023-02-27,1005,AUTOMOTIVE,AUT1470,4,226.5,0.05,20,completed,CAN,Calgary
850,2023-01-03,1094,fashion ,FAS1578,8,239.77,0.0,5,completed,AUS,Perth
851,2023-01-12,1094,toys,TOY1249,7,297.48,0.05,10,Shipped,CAN,Vancouver
852,2023-02-07,1057,Home & Kitchen,HOM1713,5,270.82,0.05,10,Cancelled,CAN,Vancouver
853,2023-01-29,1017,Home & Kitchen,HOM1231,7,427.8,0.1,0,Cancelled,AUS,Adelaide
854,2023-02-21,1047,beauty,BEA1307,3,29.5,,20,Completed,GBR,London
855,2023-03-30,1023,Books,BOO1700,2,417.49,0.0,10,Pending,GBR,Glasgow
856,2023-02-01,1079,fashion ,FAS1847,6,422.74,0.05,10,pending,AUS,Melbourne
857,2023-02-09,1085,Books,BOO1868,2,146.03,,10,shipped,CAN,Calgary
858,2023-03-26,1014,Books,BOO1082,3,234.11,0.15,10,pending,CAN,Ottawa
859,2023-03-16,1066,Home & Kitchen,HOM1669,6,222.08,0.1,5,Shipped,CAN,Toronto
860,2023-02-17,1075,toys,TOY1878,5,113.16,0.05,20,Cancelled,CAN,Montreal
861,2023-03-02,1051,AUTOMOTIVE,AUT1665,8,201.41,0.05,0,COMPLETE,CAN,Montreal
862,2023-03-12,1038,Home & Kitchen,HOM1777,9,26.97,0.05,0,COMPLETE,GBR,Leeds
863,2023-03-09,1064,fashion ,FAS1032,3,142.52,,5,COMPLETE,CAN,Toronto
864,2023-02-14,1098,fashion ,FAS1095,10,409.26,0.1,20,pending,AUS,Adelaide
865,2023-02-24,1038,AUTOMOTIVE,AUT1415,3,145.86,0.1,10,Pending,CAN,Vancouver
866,2023-03-12,1050,toys,TOY1388,3,410.01,,5,pending,CAN,Vancouver
867,2023-02-12,1098,toys,TOY1386,6,268.14,0.0,20,Completed,GBR,London
868,2023-02-15,1082,toys,TOY1565,1,440.53,0.1,10,COMPLETE,USA,Phoenix
869,2023-03-31,1030,Books,BOO1487,7,289.52,,5,completed,USA,New York
870,2023-02-28,1079,electronics,ELE1057,1,19.69,,20,Cancelled,CAN,Ottawa
871,2023-02-04,1091,Home & Kitchen,HOM1652,5,339.33,0.05,0,cancelled,GBR,Birmingham
872,2023-02-09,1051,toys,TOY1009,10,27.2,,0,Cancelled,CAN,Ottawa
873,2023-02-02,1063,beauty,BEA1719,8,228.05,0.05,20,Completed,USA,Phoenix
874,2023-01-30,1098,toys,TOY1175,4,465.07,0.15,0,Pending,GBR,Manchester
875,2023-01-16,1052,toys,TOY1084,5,86.78,,20,Completed,AUS,Perth
876,2023-01-25,1038,AUTOMOTIVE,AUT1511,4,197.99,0.1,10,Pending,AUS,Melbourne
877,2023-02-10,1097,Sports,SPO1865,4,366.28,0.05,20,Completed,GBR,Birmingham
878,2023-01-16,1088,AUTOMOTIVE,AUT1444,8,441.72,0.15,10,pending,AUS,Sydney
879,2023-03-10,1079,beauty,BEA1660,2,337.12,0.0,5,cancelled,GBR,Manchester
880,2023-03-30,1030,Home & Kitchen,HOM1803,1,132.8,0.0,20,shipped,CAN,Toronto
881,2023-01-24,1051,beauty,BEA1339,3,338.93,0.0,5,shipped,CAN,Vancouver
882,2023-01-25,1081,Sports,SPO1579,9,151.88,0.05,0,COMPLETE,USA,Houston
883,2023-01-28,1005,beauty,BEA1878,4,360.62,,10,pending,CAN,Calgary
884,2023-03-03,1029,toys,TOY1997,10,477.25,0.05,20,Completed,CAN,Vancouver
885,2023-02-05,1004,beauty,BEA1097,5,362.09,0.0,5,Pending,USA,Los Angeles
886,2023-03-17,1010,Home & Kitchen,HOM1916,2,432.13,,10,Completed,GBR,London
887,2023-03-09,1056,toys,TOY1540,4,6.04,0.15,10,pending,CAN,Toronto
888,2023-03-18,1017,toys,TOY1941,2,360.2,0.0,0,shipped,CAN,Montreal
889,2023-02-06,1074,toys,TOY1043,2,415.65,0.1,0,cancelled,CAN,Montreal
890,2023-01-13,1017,AUTOMOTIVE,AUT1235,4,25.08,,10,cancelled,USA,Los Angeles
891,2023-01-25,1084,electronics,ELE1216,6,436.44,0.05,10,shipped,GBR,Leeds
892,2023-02-07,1088,electronics,ELE1922,7,132.06,0.05,20,Pending,USA,Chicago
893,2023-01-30,1069,Home & Kitchen,HOM1888,10,334.32,0.1,10,COMPLETE,AUS,Brisbane
894,2023-02-16,1034,electronics,ELE1708,3,401.18,0.05,20,shipped,CAN,Ottawa
895,2023-01-23,1006,beauty,BEA1908,3,333.02,0.1,10,shipped,AUS,Perth
896,2023-02-08,1053,Sports,SPO1580,10,50.68,0.0,0,Shipped,GBR,London
897,2023-01-02,1066,Books,BOO1486,6,300.18,0.0,20,COMPLETE,CAN,Toronto
898,2023-03-10,1077,electronics,ELE1277,3,277.04,0.05,5,completed,AUS,Sydney
899,2023-01-17,1043,fashion ,FAS1047,2,450.66,,0,shipped,AUS,Adelaide
900,2023-02-05,1075,beauty,BEA1946,8,205.1,0.05,20,pending,AUS,Melbourne
901,2023-01-06,1023,beauty,BEA1076,5,163.94,0.0,20,pending,CAN,Vancouver
902,2023-01-07,1055,fashion ,FAS1700,1,376.18,,5,Shipped,CAN,Toronto
903,2023-03-12,1080,Sports,SPO1947,3,209.27,0.1,20,Pending,CAN,Calgary
904,2023-02-07,1095,Books,BOO1287,10,324.82,0.0,10,shipped,CAN,Ottawa
905,2023-03-31,1075,beauty,BEA1920,8,324.99,0.1,5,COMPLETE,USA,New York
906,2023-01-17,1016,fashion ,FAS1556,4,444.58,0.15,0,shipped,AUS,Sydney
907,2023-03-23,1008,Home & Kitchen,HOM1577,7,301.35,,0,cancelled,USA,Los Angeles
908,2023-03-04,1004,electronics,ELE1673,10,253.57,0.0,10,cancelled,GBR,Leeds
909,2023-01-14,1004,toys,TOY1033,2,73.74,0.1,0,cancelled,AUS,Adelaide
910,2023-01-02,1056,fashion ,FAS1183,7,62.29,0.1,20,shipped,CAN,Ottawa
911,2023-03-15,1025,Books,BOO1951,5,81.39,0.1,20,Pending,CAN,Montreal
912,2023-02-06,1067,fashion ,FAS1870,5,90.06,0.05,10,cancelled,CAN,Calgary
913,2023-03-02,1096,fashion ,FAS1322,6,320.75,0.05,0,Cancelled,USA,Los Angeles
914,2023-03-03,1067,Sports,SPO1016,9,371.79,0.15,0,Completed,CAN,Montreal
915,2023-02-26,1027,AUTOMOTIVE,AUT1984,6,267.35,0.15,10,COMPLETE,AUS,Melbourne
916,2023-02-13,1093,toys,TOY1212,8,415.36,0.1,5,Completed,AUS,Sydney
917,2023-01-24,1032,AUTOMOTIVE,AUT1601,7,495.68,0.05,0,Pending,GBR,Birmingham
918,2023-01-07,1050,AUTOMOTIVE,AUT1147,9,410.91,,5,COMPLETE,AUS,Melbourne
919,2023-02-02,1061,AUTOMOTIVE,AUT1770,4,348.97,,0,Cancelled,CAN,Toronto
920,2023-03-03,1051,Books,BOO1840,2,268.58,0.1,0,pending,AUS,Melbourne
921,2023-01-15,1019,toys,TOY1729,7,227.18,0.05,0,Pending,AUS,Perth
922,2023-01-09,1021,AUTOMOTIVE,AUT1840,6,46.77,,0,Completed,USA,Los Angeles
923,2023-02-21,1005,Home & Kitchen,HOM1407,1,202.69,0.05,20,Completed,AUS,Perth
924,2023-03-04,1082,AUTOMOTIVE,AUT1951,9,455.52,0.15,5,completed,GBR,Manchester
925,2023-01-10,1092,Sports,SPO1078,9,404.97,0.1,5,Cancelled,AUS,Sydney
926,2023-03-15,1042,fashion ,FAS1306,2,111.95,0.1,0,completed,USA,Houston
927,2023-03-22,1061,Home & Kitchen,HOM1166,3,235.97,0.05,0,Shipped,USA,Phoenix
928,2023-03-29,1022,beauty,BEA1577,5,409.28,0.05,5,pending,AUS,Perth
929,2023-01-07,1021,fashion ,FAS1246,5,38.36,0.0,20,completed,AUS,Sydney
930,2023-01-20,1070,Sports,SPO1580,1,196.76,,10,Cancelled,USA,Houston
931,2023-01-20,1001,toys,TOY1854,8,426.66,0.15,10,Pending,CAN,Vancouver
932,2023-03-14,1005,Home & Kitchen,HOM1869,8,204.93,,5,Cancelled,AUS,Melbourne
933,2023-02-08,1012,electronics,ELE1398,4,43.42,0.0,0,Cancelled,USA,Phoenix
934,2023-01-11,1090,beauty,BEA1693,7,273.55,0.05,0,cancelled,AUS,Perth
935,2023-02-01,1046,Books,BOO1918,10,431.56,,20,COMPLETE,USA,Los Angeles
936,2023-01-16,1034,Books,BOO1553,3,297.19,0.1,10,shipped,CAN,Calgary
937,2023-03-13,1049,Sports,SPO1339,6,117.01,,20,Shipped,GBR,Birmingham
938,2023-02-23,1078,toys,TOY1393,10,195.2,0.05,10,pending,AUS,Melbourne
939,2023-03-19,1090,AUTOMOTIVE,AUT1773,10,227.81,,5,Pending,AUS,Perth
940,2023-03-18,1045,AUTOMOTIVE,AUT1757,9,291.74,0.0,10,COMPLETE,GBR,Manchester
941,2023-03-21,1027,Sports,SPO1143,1,380.88,0.15,20,cancelled,GBR,Birmingham
942,2023-01-29,1073,toys,TOY1809,5,53.94,0.05,20,Cancelled,AUS,Brisbane
943,2023-03-08,1026,fashion ,FAS1705,4,445.38,0.1,20,Cancelled,CAN,Vancouver
944,2023-02-18,1047,fashion ,FAS1741,8,11.09,0.0,5,Completed,AUS,Brisbane
945,2023-02-27,1086,fashion ,FAS1080,1,188.18,0.05,10,Shipped,GBR,Manchester
946,2023-02-26,1056,beauty,BEA1512,9,18.57,0.1,10,shipped,USA,New York
947,2023-02-08,1094,fashion ,FAS1763,6,199.52,0.1,20,Cancelled,CAN,Ottawa
948,2023-03-17,1063,electronics,ELE1997,4,265.28,0.05,10,completed,AUS,Sydney
949,2023-02-24,1048,Home & Kitchen,HOM1354,9,258.28,0.0,0,pending,AUS,Brisbane
950,2023-02-09,1061,Books,BOO1054,5,86.99,0.1,0,COMPLETE,USA,Los Angeles
951,2023-03-14,1081,fashion ,FAS1100,5,324.64,0.15,0,Cancelled,USA,New York
952,2023-03-21,1026,Sports,SPO1447,5,27.17,0.0,10,COMPLETE,CAN,Calgary
953,2023-01-08,1036,Sports,SPO1237,1,382.14,0.1,5,cancelled,CAN,Calgary
954,2023-03-20,1001,AUTOMOTIVE,AUT1858,1,473.59,0.05,5,COMPLETE,AUS,Perth
955,2023-01-13,1008,electronics,ELE1077,8,173.19,0.05,5,COMPLETE,AUS,Melbourne
956,2023-01-27,1099,electronics,ELE1348,8,261.03,0.0,5,COMPLETE,GBR,Birmingham
957,2023-03-22,1052,beauty,BEA1619,6,192.56,0.1,0,cancelled,AUS,Melbourne
958,2023-01-28,1079,fashion ,FAS1787,4,8.32,0.1,0,shipped,USA,Chicago
959,2023-02-03,1047,fashion ,FAS1628,2,196.01,0.0,20,completed,CAN,Ottawa
960,2023-03-26,1056,beauty,BEA1977,2,396.9,0.0,10,pending,AUS,Melbourne
961,2023-01-11,1086,electronics,ELE1609,9,300.01,0.0,10,cancelled,CAN,Ottawa
962,2023-01-21,1014,Home & Kitchen,HOM1406,5,55.12,0.15,5,pending,AUS,Melbourne
963,2023-01-31,1090,Books,BOO1992,4,424.33,0.15,0,Completed,USA,Phoenix
964,2023-01-23,1028,toys,TOY1792,10,267.89,0.15,5,Pending,GBR,Glasgow
965,2023-03-12,1087,beauty,BEA1334,1,421.65,0.05,20,shipped,GBR,Manchester
966,2023-01-10,1078,AUTOMOTIVE,AUT1030,7,292.21,0.15,10,pending,CAN,Toronto
967,2023-01-21,1088,Books,BOO1649,3,282.05,0.15,10,completed,USA,Houston
968,2023-01-01,1002,AUTOMOTIVE,AUT1279,6,57.1,0.15,5,pending,USA,Phoenix
969,2023-02-22,1026,electronics,ELE1802,5,87.84,0.1,20,Cancelled,USA,Houston
970,2023-02-27,1014,Books,BOO1461,5,486.15,,10,shipped,AUS,Melbourne
971,2023-03-30,1059,electronics,ELE1502,5,118.1,0.15,20,Shipped,GBR,Glasgow
972,2023-03-18,1056,Sports,SPO1233,1,488.84,0.0,20,cancelled,USA,Houston
973,2023-03-02,1007,AUTOMOTIVE,AUT1364,1,268.3,0.15,5,cancelled,AUS,Perth
974,2023-02-07,1003,beauty,BEA1566,3,72.22,,0,completed,CAN,Montreal
975,2023-01-05,1023,Home & Kitchen,HOM1963,10,54.15,0.05,5,completed,AUS,Sydney
976,2023-01-30,1018,Books,BOO1384,4,108.39,0.05,0,shipped,AUS,Perth
977,2023-02-06,1038,fashion ,FAS1442,5,463.19,0.15,20,Completed,USA,Los Angeles
978,2023-02-06,1099,beauty,BEA1190,2,210.0,0.0,0,Cancelled,CAN,Vancouver
979,2023-03-31,1015,Home & Kitchen,HOM1696,8,200.74,0.0,20,Pending,GBR,Birmingham
980,2023-02-28,1064,toys,TOY1599,2,160.04,0.1,10,Pending,CAN,Calgary
981,2023-01-10,1089,Home & Kitchen,HOM1676,9,77.8,0.0,10,Cancelled,CAN,Ottawa
982,2023-03-29,1028,Books,BOO1389,2,246.49,0.1,10,COMPLETE,CAN,Vancouver
983,2023-01-30,1074,AUTOMOTIVE,AUT1087,9,69.37,0.1,5,Shipped,CAN,Ottawa
984,2023-02-03,1039,AUTOMOTIVE,AUT1790,7,418.56,0.0,5,Shipped,USA,Los Angeles
985,2023-03-22,1057,AUTOMOTIVE,AUT1633,8,188.35,0.0,20,shipped,AUS,Adelaide
986,2023-03-17,1017,toys,TOY1302,2,190.53,0.1,10,Completed,GBR,London
987,2023-03-26,1086,Sports,SPO1817,7,239.63,0.05,5,Cancelled,GBR,Leeds
988,2023-01-26,1090,Books,BOO1252,6,224.84,0.15,10,Pending,AUS,Sydney
989,2023-02-24,1044,electronics,ELE1730,4,497.45,0.05,5,Shipped,GBR,London
990,2023-01-15,1025,electronics,ELE1075,7,274.96,0.0,0,pending,CAN,Calgary
991,2023-03-11,1017,electronics,ELE1084,4,48.66,,0,Cancelled,USA,Phoenix
992,2023-01-29,1013,toys,TOY1274,2,305.4,0.0,10,Shipped,CAN,Toronto
993,2023-03-24,1084,AUTOMOTIVE,AUT1157,10,80.03,0.1,20,shipped,CAN,Calgary
994,2023-01-20,1025,fashion ,FAS1389,7,20.31,,5,shipped,USA,Phoenix
995,2023-02-04,1068,fashion ,FAS1728,8,485.52,,5,cancelled,GBR,Leeds
996,2023-01-19,1010,toys,TOY1802,2,387.9,0.15,0,cancelled,USA,Houston
997,2023-01-10,1067,toys,TOY1649,5,490.15,0.0,0,completed,AUS,Sydney
998,2023-01-08,1018,AUTOMOTIVE,AUT1157,1,241.55,0.15,20,Cancelled,AUS,Perth
999,2023-01-22,1100,AUTOMOTIVE,AUT1757,7,268.47,0.05,20,COMPLETE,AUS,Perth
1000,2023-02-09,1086,toys,TOY1398,8,88.33,,20,cancelled,USA,Los Angeles
